time,axis_nbounds,lat,lon,time_bounds,pr
2015-01-16 12:00:00,0.5,40.56338,-2.5,2015-01-16 12:00:00,3.5656263e-05
2015-02-15 00:00:00,0.5,40.56338,-2.5,2015-02-15 00:00:00,1.6615782e-05
2015-03-16 12:00:00,0.5,40.56338,-2.5,2015-03-16 12:00:00,3.6914575e-05
2015-04-16 00:00:00,0.5,40.56338,-2.5,2015-04-16 00:00:00,3.134308e-05
2015-05-16 12:00:00,0.5,40.56338,-2.5,2015-05-16 12:00:00,7.9245736e-05
2015-06-16 00:00:00,0.5,40.56338,-2.5,2015-06-16 00:00:00,3.840548e-05
2015-07-16 12:00:00,0.5,40.56338,-2.5,2015-07-16 12:00:00,5.3284104e-05
2015-08-16 12:00:00,0.5,40.56338,-2.5,2015-08-16 12:00:00,7.95821e-05
2015-09-16 00:00:00,0.5,40.56338,-2.5,2015-09-16 00:00:00,6.4513995e-05
2015-10-16 12:00:00,0.5,40.56338,-2.5,2015-10-16 12:00:00,1.2503605e-05
2015-11-16 00:00:00,0.5,40.56338,-2.5,2015-11-16 00:00:00,1.3611894e-05
2015-12-16 12:00:00,0.5,40.56338,-2.5,2015-12-16 12:00:00,2.669017e-05
2016-01-16 12:00:00,0.5,40.56338,-2.5,2016-01-16 12:00:00,1.4547811e-05
2016-02-15 12:00:00,0.5,40.56338,-2.5,2016-02-15 12:00:00,2.8421824e-05
2016-03-16 12:00:00,0.5,40.56338,-2.5,2016-03-16 12:00:00,3.8504146e-05
2016-04-16 00:00:00,0.5,40.56338,-2.5,2016-04-16 00:00:00,6.897331e-05
2016-05-16 12:00:00,0.5,40.56338,-2.5,2016-05-16 12:00:00,4.3404867e-05
2016-06-16 00:00:00,0.5,40.56338,-2.5,2016-06-16 00:00:00,6.920256e-05
2016-07-16 12:00:00,0.5,40.56338,-2.5,2016-07-16 12:00:00,7.924229e-05
2016-08-16 12:00:00,0.5,40.56338,-2.5,2016-08-16 12:00:00,3.6566616e-05
2016-09-16 00:00:00,0.5,40.56338,-2.5,2016-09-16 00:00:00,3.886821e-05
2016-10-16 12:00:00,0.5,40.56338,-2.5,2016-10-16 12:00:00,6.916298e-06
2016-11-16 00:00:00,0.5,40.56338,-2.5,2016-11-16 00:00:00,4.890755e-05
2016-12-16 12:00:00,0.5,40.56338,-2.5,2016-12-16 12:00:00,2.4820525e-05
2017-01-16 12:00:00,0.5,40.56338,-2.5,2017-01-16 12:00:00,1.3245814e-05
2017-02-15 00:00:00,0.5,40.56338,-2.5,2017-02-15 00:00:00,5.3009102e-05
2017-03-16 12:00:00,0.5,40.56338,-2.5,2017-03-16 12:00:00,1.5750893e-05
2017-04-16 00:00:00,0.5,40.56338,-2.5,2017-04-16 00:00:00,2.8971699e-05
2017-05-16 12:00:00,0.5,40.56338,-2.5,2017-05-16 12:00:00,7.376297e-05
2017-06-16 00:00:00,0.5,40.56338,-2.5,2017-06-16 00:00:00,5.4920645e-05
2017-07-16 12:00:00,0.5,40.56338,-2.5,2017-07-16 12:00:00,8.295979e-05
2017-08-16 12:00:00,0.5,40.56338,-2.5,2017-08-16 12:00:00,6.9210706e-05
2017-09-16 00:00:00,0.5,40.56338,-2.5,2017-09-16 00:00:00,4.0337563e-05
2017-10-16 12:00:00,0.5,40.56338,-2.5,2017-10-16 12:00:00,1.0202289e-05
2017-11-16 00:00:00,0.5,40.56338,-2.5,2017-11-16 00:00:00,2.6353528e-05
2017-12-16 12:00:00,0.5,40.56338,-2.5,2017-12-16 12:00:00,7.63758e-06
2018-01-16 12:00:00,0.5,40.56338,-2.5,2018-01-16 12:00:00,1.048405e-05
2018-02-15 00:00:00,0.5,40.56338,-2.5,2018-02-15 00:00:00,1.4704489e-05
2018-03-16 12:00:00,0.5,40.56338,-2.5,2018-03-16 12:00:00,5.5472105e-07
2018-04-16 00:00:00,0.5,40.56338,-2.5,2018-04-16 00:00:00,2.5343634e-05
2018-05-16 12:00:00,0.5,40.56338,-2.5,2018-05-16 12:00:00,3.200558e-05
2018-06-16 00:00:00,0.5,40.56338,-2.5,2018-06-16 00:00:00,2.826981e-05
2018-07-16 12:00:00,0.5,40.56338,-2.5,2018-07-16 12:00:00,3.970864e-05
2018-08-16 12:00:00,0.5,40.56338,-2.5,2018-08-16 12:00:00,4.843659e-05
2018-09-16 00:00:00,0.5,40.56338,-2.5,2018-09-16 00:00:00,3.924082e-05
2018-10-16 12:00:00,0.5,40.56338,-2.5,2018-10-16 12:00:00,3.7192793e-05
2018-11-16 00:00:00,0.5,40.56338,-2.5,2018-11-16 00:00:00,1.1047103e-05
2018-12-16 12:00:00,0.5,40.56338,-2.5,2018-12-16 12:00:00,1.4835867e-05
2019-01-16 12:00:00,0.5,40.56338,-2.5,2019-01-16 12:00:00,8.008165e-06
2019-02-15 00:00:00,0.5,40.56338,-2.5,2019-02-15 00:00:00,1.9837238e-05
2019-03-16 12:00:00,0.5,40.56338,-2.5,2019-03-16 12:00:00,1.6558724e-05
2019-04-16 00:00:00,0.5,40.56338,-2.5,2019-04-16 00:00:00,4.724961e-05
2019-05-16 12:00:00,0.5,40.56338,-2.5,2019-05-16 12:00:00,2.8480536e-05
2019-06-16 00:00:00,0.5,40.56338,-2.5,2019-06-16 00:00:00,1.4484444e-05
2019-07-16 12:00:00,0.5,40.56338,-2.5,2019-07-16 12:00:00,4.435723e-05
2019-08-16 12:00:00,0.5,40.56338,-2.5,2019-08-16 12:00:00,5.873303e-05
2019-09-16 00:00:00,0.5,40.56338,-2.5,2019-09-16 00:00:00,1.7332652e-05
2019-10-16 12:00:00,0.5,40.56338,-2.5,2019-10-16 12:00:00,1.9546028e-06
2019-11-16 00:00:00,0.5,40.56338,-2.5,2019-11-16 00:00:00,2.4425203e-06
2019-12-16 12:00:00,0.5,40.56338,-2.5,2019-12-16 12:00:00,1.03795455e-05
2020-01-16 12:00:00,0.5,40.56338,-2.5,2020-01-16 12:00:00,3.855728e-05
2020-02-15 12:00:00,0.5,40.56338,-2.5,2020-02-15 12:00:00,1.5728969e-05
2020-03-16 12:00:00,0.5,40.56338,-2.5,2020-03-16 12:00:00,1.0849796e-05
2020-04-16 00:00:00,0.5,40.56338,-2.5,2020-04-16 00:00:00,4.0295265e-05
2020-05-16 12:00:00,0.5,40.56338,-2.5,2020-05-16 12:00:00,2.0706535e-05
2020-06-16 00:00:00,0.5,40.56338,-2.5,2020-06-16 00:00:00,6.2821906e-05
2020-07-16 12:00:00,0.5,40.56338,-2.5,2020-07-16 12:00:00,7.010112e-05
2020-08-16 12:00:00,0.5,40.56338,-2.5,2020-08-16 12:00:00,4.398009e-05
2020-09-16 00:00:00,0.5,40.56338,-2.5,2020-09-16 00:00:00,5.4774915e-05
2020-10-16 12:00:00,0.5,40.56338,-2.5,2020-10-16 12:00:00,3.742569e-05
2020-11-16 00:00:00,0.5,40.56338,-2.5,2020-11-16 00:00:00,1.7163948e-05
2020-12-16 12:00:00,0.5,40.56338,-2.5,2020-12-16 12:00:00,2.0042557e-05
2021-01-16 12:00:00,0.5,40.56338,-2.5,2021-01-16 12:00:00,1.4982817e-05
2021-02-15 00:00:00,0.5,40.56338,-2.5,2021-02-15 00:00:00,5.245877e-05
2021-03-16 12:00:00,0.5,40.56338,-2.5,2021-03-16 12:00:00,1.019557e-05
2021-04-16 00:00:00,0.5,40.56338,-2.5,2021-04-16 00:00:00,4.2848544e-05
2021-05-16 12:00:00,0.5,40.56338,-2.5,2021-05-16 12:00:00,2.29213e-05
2021-06-16 00:00:00,0.5,40.56338,-2.5,2021-06-16 00:00:00,0.00012241228
2021-07-16 12:00:00,0.5,40.56338,-2.5,2021-07-16 12:00:00,3.888643e-05
2021-08-16 12:00:00,0.5,40.56338,-2.5,2021-08-16 12:00:00,8.6997374e-05
2021-09-16 00:00:00,0.5,40.56338,-2.5,2021-09-16 00:00:00,3.0753516e-05
2021-10-16 12:00:00,0.5,40.56338,-2.5,2021-10-16 12:00:00,3.1352156e-05
2021-11-16 00:00:00,0.5,40.56338,-2.5,2021-11-16 00:00:00,3.397463e-05
2021-12-16 12:00:00,0.5,40.56338,-2.5,2021-12-16 12:00:00,1.1503686e-05
2022-01-16 12:00:00,0.5,40.56338,-2.5,2022-01-16 12:00:00,1.0636267e-05
2022-02-15 00:00:00,0.5,40.56338,-2.5,2022-02-15 00:00:00,1.5909762e-05
2022-03-16 12:00:00,0.5,40.56338,-2.5,2022-03-16 12:00:00,3.1187086e-05
2022-04-16 00:00:00,0.5,40.56338,-2.5,2022-04-16 00:00:00,4.5150723e-06
2022-05-16 12:00:00,0.5,40.56338,-2.5,2022-05-16 12:00:00,1.4385345e-05
2022-06-16 00:00:00,0.5,40.56338,-2.5,2022-06-16 00:00:00,1.6526908e-05
2022-07-16 12:00:00,0.5,40.56338,-2.5,2022-07-16 12:00:00,6.236421e-05
2022-08-16 12:00:00,0.5,40.56338,-2.5,2022-08-16 12:00:00,2.734023e-05
2022-09-16 00:00:00,0.5,40.56338,-2.5,2022-09-16 00:00:00,1.97947e-05
2022-10-16 12:00:00,0.5,40.56338,-2.5,2022-10-16 12:00:00,5.8868613e-05
2022-11-16 00:00:00,0.5,40.56338,-2.5,2022-11-16 00:00:00,1.0132852e-05
2022-12-16 12:00:00,0.5,40.56338,-2.5,2022-12-16 12:00:00,4.799412e-05
2023-01-16 12:00:00,0.5,40.56338,-2.5,2023-01-16 12:00:00,2.4264782e-05
2023-02-15 00:00:00,0.5,40.56338,-2.5,2023-02-15 00:00:00,1.8366713e-05
2023-03-16 12:00:00,0.5,40.56338,-2.5,2023-03-16 12:00:00,5.5239316e-06
2023-04-16 00:00:00,0.5,40.56338,-2.5,2023-04-16 00:00:00,9.992463e-05
2023-05-16 12:00:00,0.5,40.56338,-2.5,2023-05-16 12:00:00,2.4015257e-05
2023-06-16 00:00:00,0.5,40.56338,-2.5,2023-06-16 00:00:00,3.199291e-05
2023-07-16 12:00:00,0.5,40.56338,-2.5,2023-07-16 12:00:00,3.8980954e-05
2023-08-16 12:00:00,0.5,40.56338,-2.5,2023-08-16 12:00:00,9.560312e-06
2023-09-16 00:00:00,0.5,40.56338,-2.5,2023-09-16 00:00:00,2.7430851e-05
2023-10-16 12:00:00,0.5,40.56338,-2.5,2023-10-16 12:00:00,3.3638087e-05
2023-11-16 00:00:00,0.5,40.56338,-2.5,2023-11-16 00:00:00,1.1394745e-06
2023-12-16 12:00:00,0.5,40.56338,-2.5,2023-12-16 12:00:00,1.7267988e-05
2024-01-16 12:00:00,0.5,40.56338,-2.5,2024-01-16 12:00:00,1.3073522e-05
2024-02-15 12:00:00,0.5,40.56338,-2.5,2024-02-15 12:00:00,6.7472224e-06
2024-03-16 12:00:00,0.5,40.56338,-2.5,2024-03-16 12:00:00,7.3104657e-06
2024-04-16 00:00:00,0.5,40.56338,-2.5,2024-04-16 00:00:00,4.9854734e-05
2024-05-16 12:00:00,0.5,40.56338,-2.5,2024-05-16 12:00:00,3.344991e-05
2024-06-16 00:00:00,0.5,40.56338,-2.5,2024-06-16 00:00:00,1.891546e-05
2024-07-16 12:00:00,0.5,40.56338,-2.5,2024-07-16 12:00:00,5.1776296e-05
2024-08-16 12:00:00,0.5,40.56338,-2.5,2024-08-16 12:00:00,2.811104e-05
2024-09-16 00:00:00,0.5,40.56338,-2.5,2024-09-16 00:00:00,7.362619e-06
2024-10-16 12:00:00,0.5,40.56338,-2.5,2024-10-16 12:00:00,5.1135503e-05
2024-11-16 00:00:00,0.5,40.56338,-2.5,2024-11-16 00:00:00,3.4669218e-05
2024-12-16 12:00:00,0.5,40.56338,-2.5,2024-12-16 12:00:00,1.5171107e-05
2025-01-16 12:00:00,0.5,40.56338,-2.5,2025-01-16 12:00:00,3.5901885e-05
2025-02-15 00:00:00,0.5,40.56338,-2.5,2025-02-15 00:00:00,1.0858409e-05
2025-03-16 12:00:00,0.5,40.56338,-2.5,2025-03-16 12:00:00,1.7953666e-05
2025-04-16 00:00:00,0.5,40.56338,-2.5,2025-04-16 00:00:00,4.2674634e-05
2025-05-16 12:00:00,0.5,40.56338,-2.5,2025-05-16 12:00:00,1.4948392e-05
2025-06-16 00:00:00,0.5,40.56338,-2.5,2025-06-16 00:00:00,3.319238e-05
2025-07-16 12:00:00,0.5,40.56338,-2.5,2025-07-16 12:00:00,4.7873407e-05
2025-08-16 12:00:00,0.5,40.56338,-2.5,2025-08-16 12:00:00,4.7129804e-05
2025-09-16 00:00:00,0.5,40.56338,-2.5,2025-09-16 00:00:00,3.0051926e-05
2025-10-16 12:00:00,0.5,40.56338,-2.5,2025-10-16 12:00:00,5.574455e-06
2025-11-16 00:00:00,0.5,40.56338,-2.5,2025-11-16 00:00:00,1.4021759e-05
2025-12-16 12:00:00,0.5,40.56338,-2.5,2025-12-16 12:00:00,3.4986053e-05
2026-01-16 12:00:00,0.5,40.56338,-2.5,2026-01-16 12:00:00,4.8527203e-05
2026-02-15 00:00:00,0.5,40.56338,-2.5,2026-02-15 00:00:00,2.0070545e-05
2026-03-16 12:00:00,0.5,40.56338,-2.5,2026-03-16 12:00:00,1.4200172e-05
2026-04-16 00:00:00,0.5,40.56338,-2.5,2026-04-16 00:00:00,7.272695e-06
2026-05-16 12:00:00,0.5,40.56338,-2.5,2026-05-16 12:00:00,5.626535e-05
2026-06-16 00:00:00,0.5,40.56338,-2.5,2026-06-16 00:00:00,3.9050905e-05
2026-07-16 12:00:00,0.5,40.56338,-2.5,2026-07-16 12:00:00,6.4389045e-05
2026-08-16 12:00:00,0.5,40.56338,-2.5,2026-08-16 12:00:00,3.137759e-05
2026-09-16 00:00:00,0.5,40.56338,-2.5,2026-09-16 00:00:00,4.4267766e-05
2026-10-16 12:00:00,0.5,40.56338,-2.5,2026-10-16 12:00:00,7.5912376e-06
2026-11-16 00:00:00,0.5,40.56338,-2.5,2026-11-16 00:00:00,5.0409657e-05
2026-12-16 12:00:00,0.5,40.56338,-2.5,2026-12-16 12:00:00,2.0173738e-05
2027-01-16 12:00:00,0.5,40.56338,-2.5,2027-01-16 12:00:00,4.6359026e-05
2027-02-15 00:00:00,0.5,40.56338,-2.5,2027-02-15 00:00:00,3.0248577e-05
2027-03-16 12:00:00,0.5,40.56338,-2.5,2027-03-16 12:00:00,6.2190295e-05
2027-04-16 00:00:00,0.5,40.56338,-2.5,2027-04-16 00:00:00,2.2037078e-05
2027-05-16 12:00:00,0.5,40.56338,-2.5,2027-05-16 12:00:00,4.165762e-05
2027-06-16 00:00:00,0.5,40.56338,-2.5,2027-06-16 00:00:00,3.3579894e-05
2027-07-16 12:00:00,0.5,40.56338,-2.5,2027-07-16 12:00:00,3.2204644e-05
2027-08-16 12:00:00,0.5,40.56338,-2.5,2027-08-16 12:00:00,4.4581826e-05
2027-09-16 00:00:00,0.5,40.56338,-2.5,2027-09-16 00:00:00,2.9564218e-05
2027-10-16 12:00:00,0.5,40.56338,-2.5,2027-10-16 12:00:00,3.528068e-05
2027-11-16 00:00:00,0.5,40.56338,-2.5,2027-11-16 00:00:00,2.0214258e-05
2027-12-16 12:00:00,0.5,40.56338,-2.5,2027-12-16 12:00:00,3.718273e-05
2028-01-16 12:00:00,0.5,40.56338,-2.5,2028-01-16 12:00:00,5.9008976e-06
2028-02-15 12:00:00,0.5,40.56338,-2.5,2028-02-15 12:00:00,4.7771682e-05
2028-03-16 12:00:00,0.5,40.56338,-2.5,2028-03-16 12:00:00,2.8988436e-05
2028-04-16 00:00:00,0.5,40.56338,-2.5,2028-04-16 00:00:00,4.1735057e-05
2028-05-16 12:00:00,0.5,40.56338,-2.5,2028-05-16 12:00:00,1.17367645e-05
2028-06-16 00:00:00,0.5,40.56338,-2.5,2028-06-16 00:00:00,7.850754e-05
2028-07-16 12:00:00,0.5,40.56338,-2.5,2028-07-16 12:00:00,8.9668465e-05
2028-08-16 12:00:00,0.5,40.56338,-2.5,2028-08-16 12:00:00,4.0243023e-05
2028-09-16 00:00:00,0.5,40.56338,-2.5,2028-09-16 00:00:00,3.0184225e-05
2028-10-16 12:00:00,0.5,40.56338,-2.5,2028-10-16 12:00:00,1.7259681e-07
2028-11-16 00:00:00,0.5,40.56338,-2.5,2028-11-16 00:00:00,6.600172e-06
2028-12-16 12:00:00,0.5,40.56338,-2.5,2028-12-16 12:00:00,1.7317006e-05
2029-01-16 12:00:00,0.5,40.56338,-2.5,2029-01-16 12:00:00,1.5911843e-05
2029-02-15 00:00:00,0.5,40.56338,-2.5,2029-02-15 00:00:00,1.5002859e-05
2029-03-16 12:00:00,0.5,40.56338,-2.5,2029-03-16 12:00:00,9.228067e-06
2029-04-16 00:00:00,0.5,40.56338,-2.5,2029-04-16 00:00:00,3.938077e-05
2029-05-16 12:00:00,0.5,40.56338,-2.5,2029-05-16 12:00:00,4.9866674e-05
2029-06-16 00:00:00,0.5,40.56338,-2.5,2029-06-16 00:00:00,3.6985948e-05
2029-07-16 12:00:00,0.5,40.56338,-2.5,2029-07-16 12:00:00,4.7633624e-05
2029-08-16 12:00:00,0.5,40.56338,-2.5,2029-08-16 12:00:00,2.0707641e-05
2029-09-16 00:00:00,0.5,40.56338,-2.5,2029-09-16 00:00:00,3.5363505e-06
2029-10-16 12:00:00,0.5,40.56338,-2.5,2029-10-16 12:00:00,1.9430394e-05
2029-11-16 00:00:00,0.5,40.56338,-2.5,2029-11-16 00:00:00,8.171119e-06
2029-12-16 12:00:00,0.5,40.56338,-2.5,2029-12-16 12:00:00,3.585861e-05
2030-01-16 12:00:00,0.5,40.56338,-2.5,2030-01-16 12:00:00,1.8800822e-05
2030-02-15 00:00:00,0.5,40.56338,-2.5,2030-02-15 00:00:00,1.0639058e-05
2030-03-16 12:00:00,0.5,40.56338,-2.5,2030-03-16 12:00:00,4.4925455e-05
2030-04-16 00:00:00,0.5,40.56338,-2.5,2030-04-16 00:00:00,2.4278484e-05
2030-05-16 12:00:00,0.5,40.56338,-2.5,2030-05-16 12:00:00,1.1617642e-05
2030-06-16 00:00:00,0.5,40.56338,-2.5,2030-06-16 00:00:00,1.5379976e-05
2030-07-16 12:00:00,0.5,40.56338,-2.5,2030-07-16 12:00:00,1.6599424e-05
2030-08-16 12:00:00,0.5,40.56338,-2.5,2030-08-16 12:00:00,9.248606e-05
2030-09-16 00:00:00,0.5,40.56338,-2.5,2030-09-16 00:00:00,1.7276869e-05
2030-10-16 12:00:00,0.5,40.56338,-2.5,2030-10-16 12:00:00,6.862314e-05
2030-11-16 00:00:00,0.5,40.56338,-2.5,2030-11-16 00:00:00,1.1157016e-05
2030-12-16 12:00:00,0.5,40.56338,-2.5,2030-12-16 12:00:00,1.845449e-05
2031-01-16 12:00:00,0.5,40.56338,-2.5,2031-01-16 12:00:00,2.4294264e-05
2031-02-15 00:00:00,0.5,40.56338,-2.5,2031-02-15 00:00:00,2.9655776e-05
2031-03-16 12:00:00,0.5,40.56338,-2.5,2031-03-16 12:00:00,2.7384354e-05
2031-04-16 00:00:00,0.5,40.56338,-2.5,2031-04-16 00:00:00,3.4911527e-06
2031-05-16 12:00:00,0.5,40.56338,-2.5,2031-05-16 12:00:00,4.7966328e-06
2031-06-16 00:00:00,0.5,40.56338,-2.5,2031-06-16 00:00:00,3.1785738e-05
2031-07-16 12:00:00,0.5,40.56338,-2.5,2031-07-16 12:00:00,2.4438628e-05
2031-08-16 12:00:00,0.5,40.56338,-2.5,2031-08-16 12:00:00,1.8631681e-05
2031-09-16 00:00:00,0.5,40.56338,-2.5,2031-09-16 00:00:00,3.7856633e-05
2031-10-16 12:00:00,0.5,40.56338,-2.5,2031-10-16 12:00:00,6.0437105e-05
2031-11-16 00:00:00,0.5,40.56338,-2.5,2031-11-16 00:00:00,1.3248318e-05
2031-12-16 12:00:00,0.5,40.56338,-2.5,2031-12-16 12:00:00,1.533443e-05
2032-01-16 12:00:00,0.5,40.56338,-2.5,2032-01-16 12:00:00,2.2476373e-05
2032-02-15 12:00:00,0.5,40.56338,-2.5,2032-02-15 12:00:00,5.0423652e-05
2032-03-16 12:00:00,0.5,40.56338,-2.5,2032-03-16 12:00:00,3.8674345e-05
2032-04-16 00:00:00,0.5,40.56338,-2.5,2032-04-16 00:00:00,1.9095083e-05
2032-05-16 12:00:00,0.5,40.56338,-2.5,2032-05-16 12:00:00,6.979503e-06
2032-06-16 00:00:00,0.5,40.56338,-2.5,2032-06-16 00:00:00,6.893201e-05
2032-07-16 12:00:00,0.5,40.56338,-2.5,2032-07-16 12:00:00,5.642383e-05
2032-08-16 12:00:00,0.5,40.56338,-2.5,2032-08-16 12:00:00,2.5085006e-05
2032-09-16 00:00:00,0.5,40.56338,-2.5,2032-09-16 00:00:00,3.662567e-05
2032-10-16 12:00:00,0.5,40.56338,-2.5,2032-10-16 12:00:00,2.6352534e-05
2032-11-16 00:00:00,0.5,40.56338,-2.5,2032-11-16 00:00:00,3.886844e-05
2032-12-16 12:00:00,0.5,40.56338,-2.5,2032-12-16 12:00:00,3.1056246e-05
2033-01-16 12:00:00,0.5,40.56338,-2.5,2033-01-16 12:00:00,1.5196624e-05
2033-02-15 00:00:00,0.5,40.56338,-2.5,2033-02-15 00:00:00,1.5153404e-05
2033-03-16 12:00:00,0.5,40.56338,-2.5,2033-03-16 12:00:00,1.4292009e-05
2033-04-16 00:00:00,0.5,40.56338,-2.5,2033-04-16 00:00:00,2.1657383e-05
2033-05-16 12:00:00,0.5,40.56338,-2.5,2033-05-16 12:00:00,6.2495155e-06
2033-06-16 00:00:00,0.5,40.56338,-2.5,2033-06-16 00:00:00,4.3517335e-05
2033-07-16 12:00:00,0.5,40.56338,-2.5,2033-07-16 12:00:00,5.7025143e-05
2033-08-16 12:00:00,0.5,40.56338,-2.5,2033-08-16 12:00:00,3.5509205e-05
2033-09-16 00:00:00,0.5,40.56338,-2.5,2033-09-16 00:00:00,2.8306384e-05
2033-10-16 12:00:00,0.5,40.56338,-2.5,2033-10-16 12:00:00,2.6854757e-05
2033-11-16 00:00:00,0.5,40.56338,-2.5,2033-11-16 00:00:00,4.8655397e-06
2033-12-16 12:00:00,0.5,40.56338,-2.5,2033-12-16 12:00:00,2.8491288e-05
2034-01-16 12:00:00,0.5,40.56338,-2.5,2034-01-16 12:00:00,2.5249828e-05
2034-02-15 00:00:00,0.5,40.56338,-2.5,2034-02-15 00:00:00,9.769841e-06
2034-03-16 12:00:00,0.5,40.56338,-2.5,2034-03-16 12:00:00,2.7218819e-05
2034-04-16 00:00:00,0.5,40.56338,-2.5,2034-04-16 00:00:00,2.94785e-05
2034-05-16 12:00:00,0.5,40.56338,-2.5,2034-05-16 12:00:00,4.083058e-05
2034-06-16 00:00:00,0.5,40.56338,-2.5,2034-06-16 00:00:00,5.9111753e-05
2034-07-16 12:00:00,0.5,40.56338,-2.5,2034-07-16 12:00:00,5.449142e-05
2034-08-16 12:00:00,0.5,40.56338,-2.5,2034-08-16 12:00:00,8.0052676e-05
2034-09-16 00:00:00,0.5,40.56338,-2.5,2034-09-16 00:00:00,4.1248404e-05
2034-10-16 12:00:00,0.5,40.56338,-2.5,2034-10-16 12:00:00,4.341488e-05
2034-11-16 00:00:00,0.5,40.56338,-2.5,2034-11-16 00:00:00,1.6343804e-05
2034-12-16 12:00:00,0.5,40.56338,-2.5,2034-12-16 12:00:00,4.02515e-05
2035-01-16 12:00:00,0.5,40.56338,-2.5,2035-01-16 12:00:00,1.9779049e-05
2035-02-15 00:00:00,0.5,40.56338,-2.5,2035-02-15 00:00:00,4.1290816e-05
2035-03-16 12:00:00,0.5,40.56338,-2.5,2035-03-16 12:00:00,5.4318098e-05
2035-04-16 00:00:00,0.5,40.56338,-2.5,2035-04-16 00:00:00,2.372069e-05
2035-05-16 12:00:00,0.5,40.56338,-2.5,2035-05-16 12:00:00,2.0287005e-05
2035-06-16 00:00:00,0.5,40.56338,-2.5,2035-06-16 00:00:00,8.036975e-05
2035-07-16 12:00:00,0.5,40.56338,-2.5,2035-07-16 12:00:00,1.2564847e-05
2035-08-16 12:00:00,0.5,40.56338,-2.5,2035-08-16 12:00:00,5.466418e-05
2035-09-16 00:00:00,0.5,40.56338,-2.5,2035-09-16 00:00:00,9.1980355e-06
2035-10-16 12:00:00,0.5,40.56338,-2.5,2035-10-16 12:00:00,4.3552758e-05
2035-11-16 00:00:00,0.5,40.56338,-2.5,2035-11-16 00:00:00,1.6527569e-05
2035-12-16 12:00:00,0.5,40.56338,-2.5,2035-12-16 12:00:00,1.1988137e-05
2036-01-16 12:00:00,0.5,40.56338,-2.5,2036-01-16 12:00:00,2.3657836e-05
2036-02-15 12:00:00,0.5,40.56338,-2.5,2036-02-15 12:00:00,2.0912443e-05
2036-03-16 12:00:00,0.5,40.56338,-2.5,2036-03-16 12:00:00,5.1368268e-05
2036-04-16 00:00:00,0.5,40.56338,-2.5,2036-04-16 00:00:00,2.8357037e-05
2036-05-16 12:00:00,0.5,40.56338,-2.5,2036-05-16 12:00:00,5.104324e-05
2036-06-16 00:00:00,0.5,40.56338,-2.5,2036-06-16 00:00:00,7.1114846e-05
2036-07-16 12:00:00,0.5,40.56338,-2.5,2036-07-16 12:00:00,7.402494e-05
2036-08-16 12:00:00,0.5,40.56338,-2.5,2036-08-16 12:00:00,7.772384e-05
2036-09-16 00:00:00,0.5,40.56338,-2.5,2036-09-16 00:00:00,1.49486705e-05
2036-10-16 12:00:00,0.5,40.56338,-2.5,2036-10-16 12:00:00,9.781962e-06
2036-11-16 00:00:00,0.5,40.56338,-2.5,2036-11-16 00:00:00,9.24905e-06
2036-12-16 12:00:00,0.5,40.56338,-2.5,2036-12-16 12:00:00,7.802151e-06
2037-01-16 12:00:00,0.5,40.56338,-2.5,2037-01-16 12:00:00,1.576721e-05
2037-02-15 00:00:00,0.5,40.56338,-2.5,2037-02-15 00:00:00,8.4033945e-06
2037-03-16 12:00:00,0.5,40.56338,-2.5,2037-03-16 12:00:00,2.4416842e-05
2037-04-16 00:00:00,0.5,40.56338,-2.5,2037-04-16 00:00:00,3.7257094e-05
2037-05-16 12:00:00,0.5,40.56338,-2.5,2037-05-16 12:00:00,4.641646e-05
2037-06-16 00:00:00,0.5,40.56338,-2.5,2037-06-16 00:00:00,3.9750405e-05
2037-07-16 12:00:00,0.5,40.56338,-2.5,2037-07-16 12:00:00,3.5048346e-05
2037-08-16 12:00:00,0.5,40.56338,-2.5,2037-08-16 12:00:00,3.379048e-05
2037-09-16 00:00:00,0.5,40.56338,-2.5,2037-09-16 00:00:00,1.6701397e-05
2037-10-16 12:00:00,0.5,40.56338,-2.5,2037-10-16 12:00:00,4.01831e-05
2037-11-16 00:00:00,0.5,40.56338,-2.5,2037-11-16 00:00:00,4.865594e-06
2037-12-16 12:00:00,0.5,40.56338,-2.5,2037-12-16 12:00:00,4.204444e-05
2038-01-16 12:00:00,0.5,40.56338,-2.5,2038-01-16 12:00:00,9.929186e-06
2038-02-15 00:00:00,0.5,40.56338,-2.5,2038-02-15 00:00:00,7.183962e-06
2038-03-16 12:00:00,0.5,40.56338,-2.5,2038-03-16 12:00:00,1.8908934e-06
2038-04-16 00:00:00,0.5,40.56338,-2.5,2038-04-16 00:00:00,5.068166e-06
2038-05-16 12:00:00,0.5,40.56338,-2.5,2038-05-16 12:00:00,2.3961498e-05
2038-06-16 00:00:00,0.5,40.56338,-2.5,2038-06-16 00:00:00,4.475558e-05
2038-07-16 12:00:00,0.5,40.56338,-2.5,2038-07-16 12:00:00,2.2647873e-05
2038-08-16 12:00:00,0.5,40.56338,-2.5,2038-08-16 12:00:00,5.449659e-05
2038-09-16 00:00:00,0.5,40.56338,-2.5,2038-09-16 00:00:00,2.4598414e-06
2038-10-16 12:00:00,0.5,40.56338,-2.5,2038-10-16 12:00:00,4.618518e-06
2038-11-16 00:00:00,0.5,40.56338,-2.5,2038-11-16 00:00:00,2.3528946e-05
2038-12-16 12:00:00,0.5,40.56338,-2.5,2038-12-16 12:00:00,2.4203262e-05
2039-01-16 12:00:00,0.5,40.56338,-2.5,2039-01-16 12:00:00,2.2540657e-06
2039-02-15 00:00:00,0.5,40.56338,-2.5,2039-02-15 00:00:00,2.4989802e-05
2039-03-16 12:00:00,0.5,40.56338,-2.5,2039-03-16 12:00:00,3.5952685e-06
2039-04-16 00:00:00,0.5,40.56338,-2.5,2039-04-16 00:00:00,3.4173598e-05
2039-05-16 12:00:00,0.5,40.56338,-2.5,2039-05-16 12:00:00,1.25876895e-05
2039-06-16 00:00:00,0.5,40.56338,-2.5,2039-06-16 00:00:00,6.367381e-05
2039-07-16 12:00:00,0.5,40.56338,-2.5,2039-07-16 12:00:00,1.7711016e-05
2039-08-16 12:00:00,0.5,40.56338,-2.5,2039-08-16 12:00:00,2.8822338e-05
2039-09-16 00:00:00,0.5,40.56338,-2.5,2039-09-16 00:00:00,2.5363195e-05
2039-10-16 12:00:00,0.5,40.56338,-2.5,2039-10-16 12:00:00,1.5904612e-05
2039-11-16 00:00:00,0.5,40.56338,-2.5,2039-11-16 00:00:00,2.0976715e-05
2039-12-16 12:00:00,0.5,40.56338,-2.5,2039-12-16 12:00:00,4.7636862e-05
2040-01-16 12:00:00,0.5,40.56338,-2.5,2040-01-16 12:00:00,2.1860647e-05
2040-02-15 12:00:00,0.5,40.56338,-2.5,2040-02-15 12:00:00,2.7000986e-05
2040-03-16 12:00:00,0.5,40.56338,-2.5,2040-03-16 12:00:00,2.5642117e-05
2040-04-16 00:00:00,0.5,40.56338,-2.5,2040-04-16 00:00:00,2.0431455e-05
2040-05-16 12:00:00,0.5,40.56338,-2.5,2040-05-16 12:00:00,7.16343e-05
2040-06-16 00:00:00,0.5,40.56338,-2.5,2040-06-16 00:00:00,4.298533e-05
2040-07-16 12:00:00,0.5,40.56338,-2.5,2040-07-16 12:00:00,3.3437947e-05
2040-08-16 12:00:00,0.5,40.56338,-2.5,2040-08-16 12:00:00,3.338683e-05
2040-09-16 00:00:00,0.5,40.56338,-2.5,2040-09-16 00:00:00,1.0186775e-05
2040-10-16 12:00:00,0.5,40.56338,-2.5,2040-10-16 12:00:00,6.0494538e-05
2040-11-16 00:00:00,0.5,40.56338,-2.5,2040-11-16 00:00:00,2.3472572e-05
2040-12-16 12:00:00,0.5,40.56338,-2.5,2040-12-16 12:00:00,2.2880553e-05
2041-01-16 12:00:00,0.5,40.56338,-2.5,2041-01-16 12:00:00,9.813879e-06
2041-02-15 00:00:00,0.5,40.56338,-2.5,2041-02-15 00:00:00,3.448717e-05
2041-03-16 12:00:00,0.5,40.56338,-2.5,2041-03-16 12:00:00,3.421491e-05
2041-04-16 00:00:00,0.5,40.56338,-2.5,2041-04-16 00:00:00,1.7076245e-05
2041-05-16 12:00:00,0.5,40.56338,-2.5,2041-05-16 12:00:00,7.3361784e-06
2041-06-16 00:00:00,0.5,40.56338,-2.5,2041-06-16 00:00:00,4.6356134e-05
2041-07-16 12:00:00,0.5,40.56338,-2.5,2041-07-16 12:00:00,3.1556574e-05
2041-08-16 12:00:00,0.5,40.56338,-2.5,2041-08-16 12:00:00,2.1956921e-05
2041-09-16 00:00:00,0.5,40.56338,-2.5,2041-09-16 00:00:00,1.2556666e-05
2041-10-16 12:00:00,0.5,40.56338,-2.5,2041-10-16 12:00:00,6.6275325e-06
2041-11-16 00:00:00,0.5,40.56338,-2.5,2041-11-16 00:00:00,1.2951922e-05
2041-12-16 12:00:00,0.5,40.56338,-2.5,2041-12-16 12:00:00,2.4279658e-05
2042-01-16 12:00:00,0.5,40.56338,-2.5,2042-01-16 12:00:00,3.1590447e-05
2042-02-15 00:00:00,0.5,40.56338,-2.5,2042-02-15 00:00:00,1.7133169e-05
2042-03-16 12:00:00,0.5,40.56338,-2.5,2042-03-16 12:00:00,2.0331787e-05
2042-04-16 00:00:00,0.5,40.56338,-2.5,2042-04-16 00:00:00,3.0383846e-05
2042-05-16 12:00:00,0.5,40.56338,-2.5,2042-05-16 12:00:00,8.512437e-06
2042-06-16 00:00:00,0.5,40.56338,-2.5,2042-06-16 00:00:00,5.7951052e-05
2042-07-16 12:00:00,0.5,40.56338,-2.5,2042-07-16 12:00:00,3.6707086e-05
2042-08-16 12:00:00,0.5,40.56338,-2.5,2042-08-16 12:00:00,3.2798168e-06
2042-09-16 00:00:00,0.5,40.56338,-2.5,2042-09-16 00:00:00,3.5293688e-05
2042-10-16 12:00:00,0.5,40.56338,-2.5,2042-10-16 12:00:00,1.7631637e-05
2042-11-16 00:00:00,0.5,40.56338,-2.5,2042-11-16 00:00:00,1.9054829e-05
2042-12-16 12:00:00,0.5,40.56338,-2.5,2042-12-16 12:00:00,3.3814475e-05
2043-01-16 12:00:00,0.5,40.56338,-2.5,2043-01-16 12:00:00,1.4696673e-05
2043-02-15 00:00:00,0.5,40.56338,-2.5,2043-02-15 00:00:00,6.8182007e-06
2043-03-16 12:00:00,0.5,40.56338,-2.5,2043-03-16 12:00:00,2.6197427e-05
2043-04-16 00:00:00,0.5,40.56338,-2.5,2043-04-16 00:00:00,4.047569e-06
2043-05-16 12:00:00,0.5,40.56338,-2.5,2043-05-16 12:00:00,1.6574251e-05
2043-06-16 00:00:00,0.5,40.56338,-2.5,2043-06-16 00:00:00,5.5469478e-05
2043-07-16 12:00:00,0.5,40.56338,-2.5,2043-07-16 12:00:00,4.578245e-05
2043-08-16 12:00:00,0.5,40.56338,-2.5,2043-08-16 12:00:00,5.739907e-05
2043-09-16 00:00:00,0.5,40.56338,-2.5,2043-09-16 00:00:00,7.1582945e-06
2043-10-16 12:00:00,0.5,40.56338,-2.5,2043-10-16 12:00:00,1.6182988e-05
2043-11-16 00:00:00,0.5,40.56338,-2.5,2043-11-16 00:00:00,2.194001e-05
2043-12-16 12:00:00,0.5,40.56338,-2.5,2043-12-16 12:00:00,2.0149053e-05
2044-01-16 12:00:00,0.5,40.56338,-2.5,2044-01-16 12:00:00,5.516494e-05
2044-02-15 12:00:00,0.5,40.56338,-2.5,2044-02-15 12:00:00,1.7986988e-06
2044-03-16 12:00:00,0.5,40.56338,-2.5,2044-03-16 12:00:00,2.0435999e-05
2044-04-16 00:00:00,0.5,40.56338,-2.5,2044-04-16 00:00:00,2.0429135e-05
2044-05-16 12:00:00,0.5,40.56338,-2.5,2044-05-16 12:00:00,7.4258955e-06
2044-06-16 00:00:00,0.5,40.56338,-2.5,2044-06-16 00:00:00,3.5507303e-05
2044-07-16 12:00:00,0.5,40.56338,-2.5,2044-07-16 12:00:00,2.8167742e-05
2044-08-16 12:00:00,0.5,40.56338,-2.5,2044-08-16 12:00:00,2.5653588e-05
2044-09-16 00:00:00,0.5,40.56338,-2.5,2044-09-16 00:00:00,2.6819958e-05
2044-10-16 12:00:00,0.5,40.56338,-2.5,2044-10-16 12:00:00,6.599199e-05
2044-11-16 00:00:00,0.5,40.56338,-2.5,2044-11-16 00:00:00,6.0897178e-06
2044-12-16 12:00:00,0.5,40.56338,-2.5,2044-12-16 12:00:00,1.7757151e-05
2045-01-16 12:00:00,0.5,40.56338,-2.5,2045-01-16 12:00:00,1.2043995e-05
2045-02-15 00:00:00,0.5,40.56338,-2.5,2045-02-15 00:00:00,8.046925e-06
2045-03-16 12:00:00,0.5,40.56338,-2.5,2045-03-16 12:00:00,2.495491e-05
2045-04-16 00:00:00,0.5,40.56338,-2.5,2045-04-16 00:00:00,7.215859e-06
2045-05-16 12:00:00,0.5,40.56338,-2.5,2045-05-16 12:00:00,7.473814e-06
2045-06-16 00:00:00,0.5,40.56338,-2.5,2045-06-16 00:00:00,3.8489266e-06
2045-07-16 12:00:00,0.5,40.56338,-2.5,2045-07-16 12:00:00,2.8276658e-05
2045-08-16 12:00:00,0.5,40.56338,-2.5,2045-08-16 12:00:00,2.3092429e-05
2045-09-16 00:00:00,0.5,40.56338,-2.5,2045-09-16 00:00:00,2.6621043e-05
2045-10-16 12:00:00,0.5,40.56338,-2.5,2045-10-16 12:00:00,1.9365543e-05
2045-11-16 00:00:00,0.5,40.56338,-2.5,2045-11-16 00:00:00,9.726115e-06
2045-12-16 12:00:00,0.5,40.56338,-2.5,2045-12-16 12:00:00,7.1078543e-06
2046-01-16 12:00:00,0.5,40.56338,-2.5,2046-01-16 12:00:00,1.42447625e-05
2046-02-15 00:00:00,0.5,40.56338,-2.5,2046-02-15 00:00:00,2.3910552e-05
2046-03-16 12:00:00,0.5,40.56338,-2.5,2046-03-16 12:00:00,5.1237284e-06
2046-04-16 00:00:00,0.5,40.56338,-2.5,2046-04-16 00:00:00,1.1513918e-05
2046-05-16 12:00:00,0.5,40.56338,-2.5,2046-05-16 12:00:00,1.3508301e-05
2046-06-16 00:00:00,0.5,40.56338,-2.5,2046-06-16 00:00:00,2.8902092e-05
2046-07-16 12:00:00,0.5,40.56338,-2.5,2046-07-16 12:00:00,2.9571687e-05
2046-08-16 12:00:00,0.5,40.56338,-2.5,2046-08-16 12:00:00,8.789971e-05
2046-09-16 00:00:00,0.5,40.56338,-2.5,2046-09-16 00:00:00,5.5714623e-05
2046-10-16 12:00:00,0.5,40.56338,-2.5,2046-10-16 12:00:00,6.026917e-05
2046-11-16 00:00:00,0.5,40.56338,-2.5,2046-11-16 00:00:00,2.431893e-05
2046-12-16 12:00:00,0.5,40.56338,-2.5,2046-12-16 12:00:00,3.3246804e-05
2047-01-16 12:00:00,0.5,40.56338,-2.5,2047-01-16 12:00:00,5.0700302e-05
2047-02-15 00:00:00,0.5,40.56338,-2.5,2047-02-15 00:00:00,4.5296483e-06
2047-03-16 12:00:00,0.5,40.56338,-2.5,2047-03-16 12:00:00,4.8080765e-06
2047-04-16 00:00:00,0.5,40.56338,-2.5,2047-04-16 00:00:00,3.3688757e-05
2047-05-16 12:00:00,0.5,40.56338,-2.5,2047-05-16 12:00:00,3.5897698e-05
2047-06-16 00:00:00,0.5,40.56338,-2.5,2047-06-16 00:00:00,7.6939796e-05
2047-07-16 12:00:00,0.5,40.56338,-2.5,2047-07-16 12:00:00,5.6667843e-05
2047-08-16 12:00:00,0.5,40.56338,-2.5,2047-08-16 12:00:00,2.6817024e-05
2047-09-16 00:00:00,0.5,40.56338,-2.5,2047-09-16 00:00:00,4.433754e-05
2047-10-16 12:00:00,0.5,40.56338,-2.5,2047-10-16 12:00:00,8.301303e-06
2047-11-16 00:00:00,0.5,40.56338,-2.5,2047-11-16 00:00:00,1.1528519e-05
2047-12-16 12:00:00,0.5,40.56338,-2.5,2047-12-16 12:00:00,1.5793765e-05
2048-01-16 12:00:00,0.5,40.56338,-2.5,2048-01-16 12:00:00,7.155641e-06
2048-02-15 12:00:00,0.5,40.56338,-2.5,2048-02-15 12:00:00,9.356622e-06
2048-03-16 12:00:00,0.5,40.56338,-2.5,2048-03-16 12:00:00,2.0903806e-05
2048-04-16 00:00:00,0.5,40.56338,-2.5,2048-04-16 00:00:00,1.970856e-05
2048-05-16 12:00:00,0.5,40.56338,-2.5,2048-05-16 12:00:00,5.1029605e-05
2048-06-16 00:00:00,0.5,40.56338,-2.5,2048-06-16 00:00:00,6.393807e-05
2048-07-16 12:00:00,0.5,40.56338,-2.5,2048-07-16 12:00:00,6.543612e-05
2048-08-16 12:00:00,0.5,40.56338,-2.5,2048-08-16 12:00:00,1.257563e-05
2048-09-16 00:00:00,0.5,40.56338,-2.5,2048-09-16 00:00:00,3.114495e-05
2048-10-16 12:00:00,0.5,40.56338,-2.5,2048-10-16 12:00:00,1.074454e-05
2048-11-16 00:00:00,0.5,40.56338,-2.5,2048-11-16 00:00:00,2.0264864e-05
2048-12-16 12:00:00,0.5,40.56338,-2.5,2048-12-16 12:00:00,2.4324048e-05
2049-01-16 12:00:00,0.5,40.56338,-2.5,2049-01-16 12:00:00,1.3105184e-05
2049-02-15 00:00:00,0.5,40.56338,-2.5,2049-02-15 00:00:00,4.023114e-05
2049-03-16 12:00:00,0.5,40.56338,-2.5,2049-03-16 12:00:00,2.5431338e-05
2049-04-16 00:00:00,0.5,40.56338,-2.5,2049-04-16 00:00:00,4.2362513e-05
2049-05-16 12:00:00,0.5,40.56338,-2.5,2049-05-16 12:00:00,2.1676897e-06
2049-06-16 00:00:00,0.5,40.56338,-2.5,2049-06-16 00:00:00,3.0227658e-05
2049-07-16 12:00:00,0.5,40.56338,-2.5,2049-07-16 12:00:00,3.222825e-05
2049-08-16 12:00:00,0.5,40.56338,-2.5,2049-08-16 12:00:00,3.1552467e-05
2049-09-16 00:00:00,0.5,40.56338,-2.5,2049-09-16 00:00:00,2.5451176e-05
2049-10-16 12:00:00,0.5,40.56338,-2.5,2049-10-16 12:00:00,4.1151627e-05
2049-11-16 00:00:00,0.5,40.56338,-2.5,2049-11-16 00:00:00,1.941708e-05
2049-12-16 12:00:00,0.5,40.56338,-2.5,2049-12-16 12:00:00,1.7770762e-05
2050-01-16 12:00:00,0.5,40.56338,-2.5,2050-01-16 12:00:00,2.0740297e-05
2050-02-15 00:00:00,0.5,40.56338,-2.5,2050-02-15 00:00:00,7.937369e-06
2050-03-16 12:00:00,0.5,40.56338,-2.5,2050-03-16 12:00:00,9.808372e-06
2050-04-16 00:00:00,0.5,40.56338,-2.5,2050-04-16 00:00:00,2.4658408e-05
2050-05-16 12:00:00,0.5,40.56338,-2.5,2050-05-16 12:00:00,5.4096334e-05
2050-06-16 00:00:00,0.5,40.56338,-2.5,2050-06-16 00:00:00,4.9936665e-05
2050-07-16 12:00:00,0.5,40.56338,-2.5,2050-07-16 12:00:00,9.19188e-05
2050-08-16 12:00:00,0.5,40.56338,-2.5,2050-08-16 12:00:00,2.9273211e-05
2050-09-16 00:00:00,0.5,40.56338,-2.5,2050-09-16 00:00:00,6.75494e-05
2050-10-16 12:00:00,0.5,40.56338,-2.5,2050-10-16 12:00:00,6.492207e-05
2050-11-16 00:00:00,0.5,40.56338,-2.5,2050-11-16 00:00:00,4.3125932e-05
2050-12-16 12:00:00,0.5,40.56338,-2.5,2050-12-16 12:00:00,2.4089222e-05
2051-01-16 12:00:00,0.5,40.56338,-2.5,2051-01-16 12:00:00,1.8458039e-05
2051-02-15 00:00:00,0.5,40.56338,-2.5,2051-02-15 00:00:00,3.839921e-05
2051-03-16 12:00:00,0.5,40.56338,-2.5,2051-03-16 12:00:00,3.4495555e-05
2051-04-16 00:00:00,0.5,40.56338,-2.5,2051-04-16 00:00:00,1.9239864e-05
2051-05-16 12:00:00,0.5,40.56338,-2.5,2051-05-16 12:00:00,2.2368627e-05
2051-06-16 00:00:00,0.5,40.56338,-2.5,2051-06-16 00:00:00,2.5868667e-05
2051-07-16 12:00:00,0.5,40.56338,-2.5,2051-07-16 12:00:00,2.3924214e-05
2051-08-16 12:00:00,0.5,40.56338,-2.5,2051-08-16 12:00:00,1.0267778e-05
2051-09-16 00:00:00,0.5,40.56338,-2.5,2051-09-16 00:00:00,1.27394105e-05
2051-10-16 12:00:00,0.5,40.56338,-2.5,2051-10-16 12:00:00,1.6417847e-05
2051-11-16 00:00:00,0.5,40.56338,-2.5,2051-11-16 00:00:00,7.114313e-06
2051-12-16 12:00:00,0.5,40.56338,-2.5,2051-12-16 12:00:00,7.579049e-06
2052-01-16 12:00:00,0.5,40.56338,-2.5,2052-01-16 12:00:00,4.0124472e-05
2052-02-15 12:00:00,0.5,40.56338,-2.5,2052-02-15 12:00:00,1.7537595e-05
2052-03-16 12:00:00,0.5,40.56338,-2.5,2052-03-16 12:00:00,1.9495163e-05
2052-04-16 00:00:00,0.5,40.56338,-2.5,2052-04-16 00:00:00,3.088842e-05
2052-05-16 12:00:00,0.5,40.56338,-2.5,2052-05-16 12:00:00,1.3311292e-05
2052-06-16 00:00:00,0.5,40.56338,-2.5,2052-06-16 00:00:00,1.3807805e-05
2052-07-16 12:00:00,0.5,40.56338,-2.5,2052-07-16 12:00:00,3.87991e-05
2052-08-16 12:00:00,0.5,40.56338,-2.5,2052-08-16 12:00:00,2.3139351e-05
2052-09-16 00:00:00,0.5,40.56338,-2.5,2052-09-16 00:00:00,1.3001108e-05
2052-10-16 12:00:00,0.5,40.56338,-2.5,2052-10-16 12:00:00,1.29553e-05
2052-11-16 00:00:00,0.5,40.56338,-2.5,2052-11-16 00:00:00,1.6317428e-05
2052-12-16 12:00:00,0.5,40.56338,-2.5,2052-12-16 12:00:00,2.4175195e-06
2053-01-16 12:00:00,0.5,40.56338,-2.5,2053-01-16 12:00:00,2.9324514e-05
2053-02-15 00:00:00,0.5,40.56338,-2.5,2053-02-15 00:00:00,1.1287117e-05
2053-03-16 12:00:00,0.5,40.56338,-2.5,2053-03-16 12:00:00,1.8535171e-05
2053-04-16 00:00:00,0.5,40.56338,-2.5,2053-04-16 00:00:00,5.5831828e-05
2053-05-16 12:00:00,0.5,40.56338,-2.5,2053-05-16 12:00:00,3.0518742e-05
2053-06-16 00:00:00,0.5,40.56338,-2.5,2053-06-16 00:00:00,7.8735684e-05
2053-07-16 12:00:00,0.5,40.56338,-2.5,2053-07-16 12:00:00,6.318686e-05
2053-08-16 12:00:00,0.5,40.56338,-2.5,2053-08-16 12:00:00,3.6851085e-05
2053-09-16 00:00:00,0.5,40.56338,-2.5,2053-09-16 00:00:00,2.3994651e-05
2053-10-16 12:00:00,0.5,40.56338,-2.5,2053-10-16 12:00:00,3.0951385e-05
2053-11-16 00:00:00,0.5,40.56338,-2.5,2053-11-16 00:00:00,1.8398643e-05
2053-12-16 12:00:00,0.5,40.56338,-2.5,2053-12-16 12:00:00,2.830798e-05
2054-01-16 12:00:00,0.5,40.56338,-2.5,2054-01-16 12:00:00,1.7852475e-05
2054-02-15 00:00:00,0.5,40.56338,-2.5,2054-02-15 00:00:00,5.1479133e-06
2054-03-16 12:00:00,0.5,40.56338,-2.5,2054-03-16 12:00:00,3.3607674e-05
2054-04-16 00:00:00,0.5,40.56338,-2.5,2054-04-16 00:00:00,2.4443309e-05
2054-05-16 12:00:00,0.5,40.56338,-2.5,2054-05-16 12:00:00,1.2148093e-05
2054-06-16 00:00:00,0.5,40.56338,-2.5,2054-06-16 00:00:00,2.9464321e-05
2054-07-16 12:00:00,0.5,40.56338,-2.5,2054-07-16 12:00:00,1.9180461e-05
2054-08-16 12:00:00,0.5,40.56338,-2.5,2054-08-16 12:00:00,5.356292e-05
2054-09-16 00:00:00,0.5,40.56338,-2.5,2054-09-16 00:00:00,1.4385663e-05
2054-10-16 12:00:00,0.5,40.56338,-2.5,2054-10-16 12:00:00,2.6552434e-05
2054-11-16 00:00:00,0.5,40.56338,-2.5,2054-11-16 00:00:00,1.3688297e-05
2054-12-16 12:00:00,0.5,40.56338,-2.5,2054-12-16 12:00:00,1.9502377e-05
2055-01-16 12:00:00,0.5,40.56338,-2.5,2055-01-16 12:00:00,3.0032108e-05
2055-02-15 00:00:00,0.5,40.56338,-2.5,2055-02-15 00:00:00,3.9988827e-05
2055-03-16 12:00:00,0.5,40.56338,-2.5,2055-03-16 12:00:00,1.5390393e-05
2055-04-16 00:00:00,0.5,40.56338,-2.5,2055-04-16 00:00:00,3.3476786e-05
2055-05-16 12:00:00,0.5,40.56338,-2.5,2055-05-16 12:00:00,3.3435386e-05
2055-06-16 00:00:00,0.5,40.56338,-2.5,2055-06-16 00:00:00,3.4539567e-05
2055-07-16 12:00:00,0.5,40.56338,-2.5,2055-07-16 12:00:00,5.033278e-05
2055-08-16 12:00:00,0.5,40.56338,-2.5,2055-08-16 12:00:00,5.32181e-05
2055-09-16 00:00:00,0.5,40.56338,-2.5,2055-09-16 00:00:00,2.4035797e-05
2055-10-16 12:00:00,0.5,40.56338,-2.5,2055-10-16 12:00:00,1.3521014e-05
2055-11-16 00:00:00,0.5,40.56338,-2.5,2055-11-16 00:00:00,1.461912e-05
2055-12-16 12:00:00,0.5,40.56338,-2.5,2055-12-16 12:00:00,5.1778126e-05
2056-01-16 12:00:00,0.5,40.56338,-2.5,2056-01-16 12:00:00,9.441972e-06
2056-02-15 12:00:00,0.5,40.56338,-2.5,2056-02-15 12:00:00,1.2583468e-05
2056-03-16 12:00:00,0.5,40.56338,-2.5,2056-03-16 12:00:00,2.0039693e-05
2056-04-16 00:00:00,0.5,40.56338,-2.5,2056-04-16 00:00:00,8.332562e-06
2056-05-16 12:00:00,0.5,40.56338,-2.5,2056-05-16 12:00:00,8.767994e-05
2056-06-16 00:00:00,0.5,40.56338,-2.5,2056-06-16 00:00:00,5.691895e-05
2056-07-16 12:00:00,0.5,40.56338,-2.5,2056-07-16 12:00:00,5.802749e-05
2056-08-16 12:00:00,0.5,40.56338,-2.5,2056-08-16 12:00:00,5.683171e-05
2056-09-16 00:00:00,0.5,40.56338,-2.5,2056-09-16 00:00:00,2.0173438e-05
2056-10-16 12:00:00,0.5,40.56338,-2.5,2056-10-16 12:00:00,7.726714e-06
2056-11-16 00:00:00,0.5,40.56338,-2.5,2056-11-16 00:00:00,7.485298e-05
2056-12-16 12:00:00,0.5,40.56338,-2.5,2056-12-16 12:00:00,3.1809486e-05
2057-01-16 12:00:00,0.5,40.56338,-2.5,2057-01-16 12:00:00,1.1705571e-05
2057-02-15 00:00:00,0.5,40.56338,-2.5,2057-02-15 00:00:00,2.5644256e-05
2057-03-16 12:00:00,0.5,40.56338,-2.5,2057-03-16 12:00:00,3.9342427e-05
2057-04-16 00:00:00,0.5,40.56338,-2.5,2057-04-16 00:00:00,1.5245241e-05
2057-05-16 12:00:00,0.5,40.56338,-2.5,2057-05-16 12:00:00,1.4771062e-05
2057-06-16 00:00:00,0.5,40.56338,-2.5,2057-06-16 00:00:00,8.63759e-05
2057-07-16 12:00:00,0.5,40.56338,-2.5,2057-07-16 12:00:00,6.7190226e-06
2057-08-16 12:00:00,0.5,40.56338,-2.5,2057-08-16 12:00:00,1.8886309e-05
2057-09-16 00:00:00,0.5,40.56338,-2.5,2057-09-16 00:00:00,2.8748384e-05
2057-10-16 12:00:00,0.5,40.56338,-2.5,2057-10-16 12:00:00,1.2754819e-05
2057-11-16 00:00:00,0.5,40.56338,-2.5,2057-11-16 00:00:00,1.2039356e-05
2057-12-16 12:00:00,0.5,40.56338,-2.5,2057-12-16 12:00:00,2.5504241e-06
2058-01-16 12:00:00,0.5,40.56338,-2.5,2058-01-16 12:00:00,3.3280696e-05
2058-02-15 00:00:00,0.5,40.56338,-2.5,2058-02-15 00:00:00,3.7780817e-05
2058-03-16 12:00:00,0.5,40.56338,-2.5,2058-03-16 12:00:00,7.697275e-06
2058-04-16 00:00:00,0.5,40.56338,-2.5,2058-04-16 00:00:00,3.5076066e-06
2058-05-16 12:00:00,0.5,40.56338,-2.5,2058-05-16 12:00:00,3.7158752e-05
2058-06-16 00:00:00,0.5,40.56338,-2.5,2058-06-16 00:00:00,4.5162895e-05
2058-07-16 12:00:00,0.5,40.56338,-2.5,2058-07-16 12:00:00,7.165887e-05
2058-08-16 12:00:00,0.5,40.56338,-2.5,2058-08-16 12:00:00,3.7614034e-05
2058-09-16 00:00:00,0.5,40.56338,-2.5,2058-09-16 00:00:00,3.4070827e-06
2058-10-16 12:00:00,0.5,40.56338,-2.5,2058-10-16 12:00:00,2.4085207e-06
2058-11-16 00:00:00,0.5,40.56338,-2.5,2058-11-16 00:00:00,6.190667e-06
2058-12-16 12:00:00,0.5,40.56338,-2.5,2058-12-16 12:00:00,1.8742161e-05
2059-01-16 12:00:00,0.5,40.56338,-2.5,2059-01-16 12:00:00,3.6572932e-05
2059-02-15 00:00:00,0.5,40.56338,-2.5,2059-02-15 00:00:00,5.5099288e-05
2059-03-16 12:00:00,0.5,40.56338,-2.5,2059-03-16 12:00:00,1.579027e-05
2059-04-16 00:00:00,0.5,40.56338,-2.5,2059-04-16 00:00:00,2.6072303e-05
2059-05-16 12:00:00,0.5,40.56338,-2.5,2059-05-16 12:00:00,1.6921786e-05
2059-06-16 00:00:00,0.5,40.56338,-2.5,2059-06-16 00:00:00,4.4810055e-05
2059-07-16 12:00:00,0.5,40.56338,-2.5,2059-07-16 12:00:00,1.1864592e-05
2059-08-16 12:00:00,0.5,40.56338,-2.5,2059-08-16 12:00:00,2.4601699e-05
2059-09-16 00:00:00,0.5,40.56338,-2.5,2059-09-16 00:00:00,1.0438807e-05
2059-10-16 12:00:00,0.5,40.56338,-2.5,2059-10-16 12:00:00,2.1973854e-05
2059-11-16 00:00:00,0.5,40.56338,-2.5,2059-11-16 00:00:00,2.1378577e-05
2059-12-16 12:00:00,0.5,40.56338,-2.5,2059-12-16 12:00:00,1.2165347e-05
2060-01-16 12:00:00,0.5,40.56338,-2.5,2060-01-16 12:00:00,4.2612315e-05
2060-02-15 12:00:00,0.5,40.56338,-2.5,2060-02-15 12:00:00,5.1656873e-05
2060-03-16 12:00:00,0.5,40.56338,-2.5,2060-03-16 12:00:00,1.6198892e-05
2060-04-16 00:00:00,0.5,40.56338,-2.5,2060-04-16 00:00:00,3.4216646e-05
2060-05-16 12:00:00,0.5,40.56338,-2.5,2060-05-16 12:00:00,4.7037225e-05
2060-06-16 00:00:00,0.5,40.56338,-2.5,2060-06-16 00:00:00,8.2115344e-05
2060-07-16 12:00:00,0.5,40.56338,-2.5,2060-07-16 12:00:00,3.4849934e-05
2060-08-16 12:00:00,0.5,40.56338,-2.5,2060-08-16 12:00:00,4.012606e-05
2060-09-16 00:00:00,0.5,40.56338,-2.5,2060-09-16 00:00:00,9.610827e-05
2060-10-16 12:00:00,0.5,40.56338,-2.5,2060-10-16 12:00:00,5.8670987e-05
2060-11-16 00:00:00,0.5,40.56338,-2.5,2060-11-16 00:00:00,2.5539774e-05
2060-12-16 12:00:00,0.5,40.56338,-2.5,2060-12-16 12:00:00,1.0000458e-05
2061-01-16 12:00:00,0.5,40.56338,-2.5,2061-01-16 12:00:00,1.631579e-05
2061-02-15 00:00:00,0.5,40.56338,-2.5,2061-02-15 00:00:00,5.970608e-07
2061-03-16 12:00:00,0.5,40.56338,-2.5,2061-03-16 12:00:00,1.9033117e-05
2061-04-16 00:00:00,0.5,40.56338,-2.5,2061-04-16 00:00:00,3.088949e-05
2061-05-16 12:00:00,0.5,40.56338,-2.5,2061-05-16 12:00:00,3.9538674e-05
2061-06-16 00:00:00,0.5,40.56338,-2.5,2061-06-16 00:00:00,2.8603217e-05
2061-07-16 12:00:00,0.5,40.56338,-2.5,2061-07-16 12:00:00,3.286616e-05
2061-08-16 12:00:00,0.5,40.56338,-2.5,2061-08-16 12:00:00,4.232719e-05
2061-09-16 00:00:00,0.5,40.56338,-2.5,2061-09-16 00:00:00,1.8308228e-05
2061-10-16 12:00:00,0.5,40.56338,-2.5,2061-10-16 12:00:00,1.6255647e-06
2061-11-16 00:00:00,0.5,40.56338,-2.5,2061-11-16 00:00:00,1.50742935e-05
2061-12-16 12:00:00,0.5,40.56338,-2.5,2061-12-16 12:00:00,1.9501917e-05
2062-01-16 12:00:00,0.5,40.56338,-2.5,2062-01-16 12:00:00,6.5408544e-06
2062-02-15 00:00:00,0.5,40.56338,-2.5,2062-02-15 00:00:00,3.5565063e-05
2062-03-16 12:00:00,0.5,40.56338,-2.5,2062-03-16 12:00:00,2.5976484e-05
2062-04-16 00:00:00,0.5,40.56338,-2.5,2062-04-16 00:00:00,1.9144096e-05
2062-05-16 12:00:00,0.5,40.56338,-2.5,2062-05-16 12:00:00,3.1354815e-05
2062-06-16 00:00:00,0.5,40.56338,-2.5,2062-06-16 00:00:00,9.273094e-05
2062-07-16 12:00:00,0.5,40.56338,-2.5,2062-07-16 12:00:00,0.00010452145
2062-08-16 12:00:00,0.5,40.56338,-2.5,2062-08-16 12:00:00,3.6544658e-05
2062-09-16 00:00:00,0.5,40.56338,-2.5,2062-09-16 00:00:00,1.33715985e-05
2062-10-16 12:00:00,0.5,40.56338,-2.5,2062-10-16 12:00:00,1.8114415e-05
2062-11-16 00:00:00,0.5,40.56338,-2.5,2062-11-16 00:00:00,1.3836995e-05
2062-12-16 12:00:00,0.5,40.56338,-2.5,2062-12-16 12:00:00,6.9930607e-06
2063-01-16 12:00:00,0.5,40.56338,-2.5,2063-01-16 12:00:00,3.2713757e-05
2063-02-15 00:00:00,0.5,40.56338,-2.5,2063-02-15 00:00:00,1.922079e-05
2063-03-16 12:00:00,0.5,40.56338,-2.5,2063-03-16 12:00:00,2.6305885e-05
2063-04-16 00:00:00,0.5,40.56338,-2.5,2063-04-16 00:00:00,2.0977739e-05
2063-05-16 12:00:00,0.5,40.56338,-2.5,2063-05-16 12:00:00,3.266497e-05
2063-06-16 00:00:00,0.5,40.56338,-2.5,2063-06-16 00:00:00,4.4024535e-05
2063-07-16 12:00:00,0.5,40.56338,-2.5,2063-07-16 12:00:00,5.2748157e-05
2063-08-16 12:00:00,0.5,40.56338,-2.5,2063-08-16 12:00:00,7.712247e-05
2063-09-16 00:00:00,0.5,40.56338,-2.5,2063-09-16 00:00:00,3.402982e-05
2063-10-16 12:00:00,0.5,40.56338,-2.5,2063-10-16 12:00:00,2.7613978e-05
2063-11-16 00:00:00,0.5,40.56338,-2.5,2063-11-16 00:00:00,3.66494e-05
2063-12-16 12:00:00,0.5,40.56338,-2.5,2063-12-16 12:00:00,4.7880698e-05
2064-01-16 12:00:00,0.5,40.56338,-2.5,2064-01-16 12:00:00,1.0819422e-05
2064-02-15 12:00:00,0.5,40.56338,-2.5,2064-02-15 12:00:00,5.1122915e-05
2064-03-16 12:00:00,0.5,40.56338,-2.5,2064-03-16 12:00:00,3.052314e-05
2064-04-16 00:00:00,0.5,40.56338,-2.5,2064-04-16 00:00:00,7.24089e-06
2064-05-16 12:00:00,0.5,40.56338,-2.5,2064-05-16 12:00:00,1.2613487e-05
2064-06-16 00:00:00,0.5,40.56338,-2.5,2064-06-16 00:00:00,1.2432341e-05
2064-07-16 12:00:00,0.5,40.56338,-2.5,2064-07-16 12:00:00,5.2805448e-05
2064-08-16 12:00:00,0.5,40.56338,-2.5,2064-08-16 12:00:00,3.21889e-05
2064-09-16 00:00:00,0.5,40.56338,-2.5,2064-09-16 00:00:00,4.491207e-06
2064-10-16 12:00:00,0.5,40.56338,-2.5,2064-10-16 12:00:00,0.00010548286
2064-11-16 00:00:00,0.5,40.56338,-2.5,2064-11-16 00:00:00,1.3606416e-05
2064-12-16 12:00:00,0.5,40.56338,-2.5,2064-12-16 12:00:00,3.3674366e-06
2065-01-16 12:00:00,0.5,40.56338,-2.5,2065-01-16 12:00:00,6.9028506e-06
2065-02-15 00:00:00,0.5,40.56338,-2.5,2065-02-15 00:00:00,2.0773019e-05
2065-03-16 12:00:00,0.5,40.56338,-2.5,2065-03-16 12:00:00,2.8622559e-05
2065-04-16 00:00:00,0.5,40.56338,-2.5,2065-04-16 00:00:00,2.2816641e-05
2065-05-16 12:00:00,0.5,40.56338,-2.5,2065-05-16 12:00:00,6.650519e-06
2065-06-16 00:00:00,0.5,40.56338,-2.5,2065-06-16 00:00:00,3.539244e-05
2065-07-16 12:00:00,0.5,40.56338,-2.5,2065-07-16 12:00:00,4.5532346e-05
2065-08-16 12:00:00,0.5,40.56338,-2.5,2065-08-16 12:00:00,2.1943773e-05
2065-09-16 00:00:00,0.5,40.56338,-2.5,2065-09-16 00:00:00,5.5241322e-05
2065-10-16 12:00:00,0.5,40.56338,-2.5,2065-10-16 12:00:00,4.3385826e-05
2065-11-16 00:00:00,0.5,40.56338,-2.5,2065-11-16 00:00:00,7.828645e-06
2065-12-16 12:00:00,0.5,40.56338,-2.5,2065-12-16 12:00:00,1.0337242e-05
2066-01-16 12:00:00,0.5,40.56338,-2.5,2066-01-16 12:00:00,1.1120372e-05
2066-02-15 00:00:00,0.5,40.56338,-2.5,2066-02-15 00:00:00,4.9795166e-05
2066-03-16 12:00:00,0.5,40.56338,-2.5,2066-03-16 12:00:00,1.8029297e-05
2066-04-16 00:00:00,0.5,40.56338,-2.5,2066-04-16 00:00:00,3.9863462e-05
2066-05-16 12:00:00,0.5,40.56338,-2.5,2066-05-16 12:00:00,1.3241043e-05
2066-06-16 00:00:00,0.5,40.56338,-2.5,2066-06-16 00:00:00,1.6024618e-05
2066-07-16 12:00:00,0.5,40.56338,-2.5,2066-07-16 12:00:00,3.397373e-05
2066-08-16 12:00:00,0.5,40.56338,-2.5,2066-08-16 12:00:00,5.8043788e-05
2066-09-16 00:00:00,0.5,40.56338,-2.5,2066-09-16 00:00:00,5.1966304e-05
2066-10-16 12:00:00,0.5,40.56338,-2.5,2066-10-16 12:00:00,4.7784277e-05
2066-11-16 00:00:00,0.5,40.56338,-2.5,2066-11-16 00:00:00,5.1006255e-06
2066-12-16 12:00:00,0.5,40.56338,-2.5,2066-12-16 12:00:00,1.1295115e-05
2067-01-16 12:00:00,0.5,40.56338,-2.5,2067-01-16 12:00:00,2.2503245e-05
2067-02-15 00:00:00,0.5,40.56338,-2.5,2067-02-15 00:00:00,1.2552015e-06
2067-03-16 12:00:00,0.5,40.56338,-2.5,2067-03-16 12:00:00,2.1709388e-05
2067-04-16 00:00:00,0.5,40.56338,-2.5,2067-04-16 00:00:00,4.7141235e-05
2067-05-16 12:00:00,0.5,40.56338,-2.5,2067-05-16 12:00:00,5.521835e-06
2067-06-16 00:00:00,0.5,40.56338,-2.5,2067-06-16 00:00:00,4.984708e-05
2067-07-16 12:00:00,0.5,40.56338,-2.5,2067-07-16 12:00:00,2.349466e-05
2067-08-16 12:00:00,0.5,40.56338,-2.5,2067-08-16 12:00:00,6.768883e-05
2067-09-16 00:00:00,0.5,40.56338,-2.5,2067-09-16 00:00:00,2.8237951e-05
2067-10-16 12:00:00,0.5,40.56338,-2.5,2067-10-16 12:00:00,2.3694844e-05
2067-11-16 00:00:00,0.5,40.56338,-2.5,2067-11-16 00:00:00,7.388145e-06
2067-12-16 12:00:00,0.5,40.56338,-2.5,2067-12-16 12:00:00,1.8812649e-05
2068-01-16 12:00:00,0.5,40.56338,-2.5,2068-01-16 12:00:00,1.293256e-05
2068-02-15 12:00:00,0.5,40.56338,-2.5,2068-02-15 12:00:00,2.9600244e-05
2068-03-16 12:00:00,0.5,40.56338,-2.5,2068-03-16 12:00:00,4.8299462e-05
2068-04-16 00:00:00,0.5,40.56338,-2.5,2068-04-16 00:00:00,3.221531e-05
2068-05-16 12:00:00,0.5,40.56338,-2.5,2068-05-16 12:00:00,1.1718097e-05
2068-06-16 00:00:00,0.5,40.56338,-2.5,2068-06-16 00:00:00,1.8926436e-05
2068-07-16 12:00:00,0.5,40.56338,-2.5,2068-07-16 12:00:00,6.19827e-05
2068-08-16 12:00:00,0.5,40.56338,-2.5,2068-08-16 12:00:00,3.8931248e-05
2068-09-16 00:00:00,0.5,40.56338,-2.5,2068-09-16 00:00:00,1.96402e-05
2068-10-16 12:00:00,0.5,40.56338,-2.5,2068-10-16 12:00:00,3.222264e-06
2068-11-16 00:00:00,0.5,40.56338,-2.5,2068-11-16 00:00:00,9.117547e-06
2068-12-16 12:00:00,0.5,40.56338,-2.5,2068-12-16 12:00:00,2.6197895e-05
2069-01-16 12:00:00,0.5,40.56338,-2.5,2069-01-16 12:00:00,1.0188791e-05
2069-02-15 00:00:00,0.5,40.56338,-2.5,2069-02-15 00:00:00,2.843367e-05
2069-03-16 12:00:00,0.5,40.56338,-2.5,2069-03-16 12:00:00,2.3373303e-05
2069-04-16 00:00:00,0.5,40.56338,-2.5,2069-04-16 00:00:00,2.6888916e-05
2069-05-16 12:00:00,0.5,40.56338,-2.5,2069-05-16 12:00:00,3.773709e-05
2069-06-16 00:00:00,0.5,40.56338,-2.5,2069-06-16 00:00:00,4.3407807e-05
2069-07-16 12:00:00,0.5,40.56338,-2.5,2069-07-16 12:00:00,4.221302e-06
2069-08-16 12:00:00,0.5,40.56338,-2.5,2069-08-16 12:00:00,3.1587617e-05
2069-09-16 00:00:00,0.5,40.56338,-2.5,2069-09-16 00:00:00,4.0138366e-05
2069-10-16 12:00:00,0.5,40.56338,-2.5,2069-10-16 12:00:00,2.5808626e-05
2069-11-16 00:00:00,0.5,40.56338,-2.5,2069-11-16 00:00:00,1.8164616e-05
2069-12-16 12:00:00,0.5,40.56338,-2.5,2069-12-16 12:00:00,5.1338952e-06
2070-01-16 12:00:00,0.5,40.56338,-2.5,2070-01-16 12:00:00,1.0402888e-05
2070-02-15 00:00:00,0.5,40.56338,-2.5,2070-02-15 00:00:00,2.1019852e-05
2070-03-16 12:00:00,0.5,40.56338,-2.5,2070-03-16 12:00:00,3.176723e-05
2070-04-16 00:00:00,0.5,40.56338,-2.5,2070-04-16 00:00:00,2.1012454e-05
2070-05-16 12:00:00,0.5,40.56338,-2.5,2070-05-16 12:00:00,3.5410674e-05
2070-06-16 00:00:00,0.5,40.56338,-2.5,2070-06-16 00:00:00,4.983233e-05
2070-07-16 12:00:00,0.5,40.56338,-2.5,2070-07-16 12:00:00,2.4244782e-05
2070-08-16 12:00:00,0.5,40.56338,-2.5,2070-08-16 12:00:00,2.0850342e-05
2070-09-16 00:00:00,0.5,40.56338,-2.5,2070-09-16 00:00:00,1.3991119e-05
2070-10-16 12:00:00,0.5,40.56338,-2.5,2070-10-16 12:00:00,1.5681502e-05
2070-11-16 00:00:00,0.5,40.56338,-2.5,2070-11-16 00:00:00,6.679349e-06
2070-12-16 12:00:00,0.5,40.56338,-2.5,2070-12-16 12:00:00,5.604805e-06
2071-01-16 12:00:00,0.5,40.56338,-2.5,2071-01-16 12:00:00,7.044003e-05
2071-02-15 00:00:00,0.5,40.56338,-2.5,2071-02-15 00:00:00,1.2807924e-05
2071-03-16 12:00:00,0.5,40.56338,-2.5,2071-03-16 12:00:00,6.3768584e-06
2071-04-16 00:00:00,0.5,40.56338,-2.5,2071-04-16 00:00:00,2.7176923e-06
2071-05-16 12:00:00,0.5,40.56338,-2.5,2071-05-16 12:00:00,2.5624624e-05
2071-06-16 00:00:00,0.5,40.56338,-2.5,2071-06-16 00:00:00,7.352434e-05
2071-07-16 12:00:00,0.5,40.56338,-2.5,2071-07-16 12:00:00,9.542304e-05
2071-08-16 12:00:00,0.5,40.56338,-2.5,2071-08-16 12:00:00,1.4605822e-05
2071-09-16 00:00:00,0.5,40.56338,-2.5,2071-09-16 00:00:00,2.6394602e-05
2071-10-16 12:00:00,0.5,40.56338,-2.5,2071-10-16 12:00:00,2.1530486e-05
2071-11-16 00:00:00,0.5,40.56338,-2.5,2071-11-16 00:00:00,3.8889475e-06
2071-12-16 12:00:00,0.5,40.56338,-2.5,2071-12-16 12:00:00,4.851375e-06
2072-01-16 12:00:00,0.5,40.56338,-2.5,2072-01-16 12:00:00,9.376496e-06
2072-02-15 12:00:00,0.5,40.56338,-2.5,2072-02-15 12:00:00,3.5428067e-05
2072-03-16 12:00:00,0.5,40.56338,-2.5,2072-03-16 12:00:00,1.2577877e-05
2072-04-16 00:00:00,0.5,40.56338,-2.5,2072-04-16 00:00:00,1.8758083e-05
2072-05-16 12:00:00,0.5,40.56338,-2.5,2072-05-16 12:00:00,2.890242e-05
2072-06-16 00:00:00,0.5,40.56338,-2.5,2072-06-16 00:00:00,4.877533e-05
2072-07-16 12:00:00,0.5,40.56338,-2.5,2072-07-16 12:00:00,4.301789e-05
2072-08-16 12:00:00,0.5,40.56338,-2.5,2072-08-16 12:00:00,1.4470072e-05
2072-09-16 00:00:00,0.5,40.56338,-2.5,2072-09-16 00:00:00,2.582122e-05
2072-10-16 12:00:00,0.5,40.56338,-2.5,2072-10-16 12:00:00,1.3134629e-05
2072-11-16 00:00:00,0.5,40.56338,-2.5,2072-11-16 00:00:00,7.1364575e-06
2072-12-16 12:00:00,0.5,40.56338,-2.5,2072-12-16 12:00:00,2.146144e-06
2073-01-16 12:00:00,0.5,40.56338,-2.5,2073-01-16 12:00:00,1.6149528e-05
2073-02-15 00:00:00,0.5,40.56338,-2.5,2073-02-15 00:00:00,1.3664134e-05
2073-03-16 12:00:00,0.5,40.56338,-2.5,2073-03-16 12:00:00,3.670235e-05
2073-04-16 00:00:00,0.5,40.56338,-2.5,2073-04-16 00:00:00,5.5569504e-05
2073-05-16 12:00:00,0.5,40.56338,-2.5,2073-05-16 12:00:00,5.1876577e-05
2073-06-16 00:00:00,0.5,40.56338,-2.5,2073-06-16 00:00:00,2.8378987e-05
2073-07-16 12:00:00,0.5,40.56338,-2.5,2073-07-16 12:00:00,1.3487112e-05
2073-08-16 12:00:00,0.5,40.56338,-2.5,2073-08-16 12:00:00,5.534716e-06
2073-09-16 00:00:00,0.5,40.56338,-2.5,2073-09-16 00:00:00,5.9063837e-05
2073-10-16 12:00:00,0.5,40.56338,-2.5,2073-10-16 12:00:00,2.2939017e-05
2073-11-16 00:00:00,0.5,40.56338,-2.5,2073-11-16 00:00:00,6.7557045e-07
2073-12-16 12:00:00,0.5,40.56338,-2.5,2073-12-16 12:00:00,4.264845e-05
2074-01-16 12:00:00,0.5,40.56338,-2.5,2074-01-16 12:00:00,1.4736412e-05
2074-02-15 00:00:00,0.5,40.56338,-2.5,2074-02-15 00:00:00,3.8280003e-05
2074-03-16 12:00:00,0.5,40.56338,-2.5,2074-03-16 12:00:00,3.6960755e-05
2074-04-16 00:00:00,0.5,40.56338,-2.5,2074-04-16 00:00:00,7.977102e-06
2074-05-16 12:00:00,0.5,40.56338,-2.5,2074-05-16 12:00:00,1.9471714e-05
2074-06-16 00:00:00,0.5,40.56338,-2.5,2074-06-16 00:00:00,4.6049547e-05
2074-07-16 12:00:00,0.5,40.56338,-2.5,2074-07-16 12:00:00,4.555159e-05
2074-08-16 12:00:00,0.5,40.56338,-2.5,2074-08-16 12:00:00,1.2460252e-05
2074-09-16 00:00:00,0.5,40.56338,-2.5,2074-09-16 00:00:00,1.3718621e-05
2074-10-16 12:00:00,0.5,40.56338,-2.5,2074-10-16 12:00:00,2.123154e-05
2074-11-16 00:00:00,0.5,40.56338,-2.5,2074-11-16 00:00:00,2.6371308e-05
2074-12-16 12:00:00,0.5,40.56338,-2.5,2074-12-16 12:00:00,3.649008e-05
2075-01-16 12:00:00,0.5,40.56338,-2.5,2075-01-16 12:00:00,1.05302215e-05
2075-02-15 00:00:00,0.5,40.56338,-2.5,2075-02-15 00:00:00,1.6452825e-05
2075-03-16 12:00:00,0.5,40.56338,-2.5,2075-03-16 12:00:00,2.0397065e-05
2075-04-16 00:00:00,0.5,40.56338,-2.5,2075-04-16 00:00:00,3.4913905e-05
2075-05-16 12:00:00,0.5,40.56338,-2.5,2075-05-16 12:00:00,4.2683114e-05
2075-06-16 00:00:00,0.5,40.56338,-2.5,2075-06-16 00:00:00,4.870375e-05
2075-07-16 12:00:00,0.5,40.56338,-2.5,2075-07-16 12:00:00,4.2237727e-05
2075-08-16 12:00:00,0.5,40.56338,-2.5,2075-08-16 12:00:00,2.1843141e-05
2075-09-16 00:00:00,0.5,40.56338,-2.5,2075-09-16 00:00:00,4.3451153e-05
2075-10-16 12:00:00,0.5,40.56338,-2.5,2075-10-16 12:00:00,0.0
2075-11-16 00:00:00,0.5,40.56338,-2.5,2075-11-16 00:00:00,3.263256e-05
2075-12-16 12:00:00,0.5,40.56338,-2.5,2075-12-16 12:00:00,3.669156e-05
2076-01-16 12:00:00,0.5,40.56338,-2.5,2076-01-16 12:00:00,1.3564586e-05
2076-02-15 12:00:00,0.5,40.56338,-2.5,2076-02-15 12:00:00,5.467497e-07
2076-03-16 12:00:00,0.5,40.56338,-2.5,2076-03-16 12:00:00,1.5851527e-05
2076-04-16 00:00:00,0.5,40.56338,-2.5,2076-04-16 00:00:00,1.7116736e-05
2076-05-16 12:00:00,0.5,40.56338,-2.5,2076-05-16 12:00:00,8.8358334e-05
2076-06-16 00:00:00,0.5,40.56338,-2.5,2076-06-16 00:00:00,1.2023388e-05
2076-07-16 12:00:00,0.5,40.56338,-2.5,2076-07-16 12:00:00,4.8882488e-05
2076-08-16 12:00:00,0.5,40.56338,-2.5,2076-08-16 12:00:00,4.600527e-05
2076-09-16 00:00:00,0.5,40.56338,-2.5,2076-09-16 00:00:00,1.0011639e-05
2076-10-16 12:00:00,0.5,40.56338,-2.5,2076-10-16 12:00:00,9.75317e-07
2076-11-16 00:00:00,0.5,40.56338,-2.5,2076-11-16 00:00:00,2.99282e-06
2076-12-16 12:00:00,0.5,40.56338,-2.5,2076-12-16 12:00:00,3.1127347e-05
2077-01-16 12:00:00,0.5,40.56338,-2.5,2077-01-16 12:00:00,7.556588e-06
2077-02-15 00:00:00,0.5,40.56338,-2.5,2077-02-15 00:00:00,2.4378334e-05
2077-03-16 12:00:00,0.5,40.56338,-2.5,2077-03-16 12:00:00,3.7074227e-05
2077-04-16 00:00:00,0.5,40.56338,-2.5,2077-04-16 00:00:00,8.644716e-06
2077-05-16 12:00:00,0.5,40.56338,-2.5,2077-05-16 12:00:00,1.407761e-05
2077-06-16 00:00:00,0.5,40.56338,-2.5,2077-06-16 00:00:00,2.5547148e-05
2077-07-16 12:00:00,0.5,40.56338,-2.5,2077-07-16 12:00:00,1.837093e-05
2077-08-16 12:00:00,0.5,40.56338,-2.5,2077-08-16 12:00:00,3.2255037e-05
2077-09-16 00:00:00,0.5,40.56338,-2.5,2077-09-16 00:00:00,2.8773939e-05
2077-10-16 12:00:00,0.5,40.56338,-2.5,2077-10-16 12:00:00,8.49218e-06
2077-11-16 00:00:00,0.5,40.56338,-2.5,2077-11-16 00:00:00,3.9417624e-05
2077-12-16 12:00:00,0.5,40.56338,-2.5,2077-12-16 12:00:00,1.555541e-05
2078-01-16 12:00:00,0.5,40.56338,-2.5,2078-01-16 12:00:00,1.431642e-05
2078-02-15 00:00:00,0.5,40.56338,-2.5,2078-02-15 00:00:00,2.527168e-05
2078-03-16 12:00:00,0.5,40.56338,-2.5,2078-03-16 12:00:00,2.0161974e-06
2078-04-16 00:00:00,0.5,40.56338,-2.5,2078-04-16 00:00:00,1.1703609e-05
2078-05-16 12:00:00,0.5,40.56338,-2.5,2078-05-16 12:00:00,6.0922714e-05
2078-06-16 00:00:00,0.5,40.56338,-2.5,2078-06-16 00:00:00,4.8313486e-05
2078-07-16 12:00:00,0.5,40.56338,-2.5,2078-07-16 12:00:00,5.7219124e-05
2078-08-16 12:00:00,0.5,40.56338,-2.5,2078-08-16 12:00:00,1.2637755e-05
2078-09-16 00:00:00,0.5,40.56338,-2.5,2078-09-16 00:00:00,1.0769686e-05
2078-10-16 12:00:00,0.5,40.56338,-2.5,2078-10-16 12:00:00,1.7471577e-05
2078-11-16 00:00:00,0.5,40.56338,-2.5,2078-11-16 00:00:00,3.2159143e-05
2078-12-16 12:00:00,0.5,40.56338,-2.5,2078-12-16 12:00:00,2.0491112e-05
2079-01-16 12:00:00,0.5,40.56338,-2.5,2079-01-16 12:00:00,8.7096205e-06
2079-02-15 00:00:00,0.5,40.56338,-2.5,2079-02-15 00:00:00,8.329479e-06
2079-03-16 12:00:00,0.5,40.56338,-2.5,2079-03-16 12:00:00,1.1994692e-06
2079-04-16 00:00:00,0.5,40.56338,-2.5,2079-04-16 00:00:00,4.4220524e-05
2079-05-16 12:00:00,0.5,40.56338,-2.5,2079-05-16 12:00:00,4.9686885e-05
2079-06-16 00:00:00,0.5,40.56338,-2.5,2079-06-16 00:00:00,1.1098578e-05
2079-07-16 12:00:00,0.5,40.56338,-2.5,2079-07-16 12:00:00,4.9218987e-05
2079-08-16 12:00:00,0.5,40.56338,-2.5,2079-08-16 12:00:00,3.1180924e-05
2079-09-16 00:00:00,0.5,40.56338,-2.5,2079-09-16 00:00:00,8.933217e-06
2079-10-16 12:00:00,0.5,40.56338,-2.5,2079-10-16 12:00:00,2.2442355e-05
2079-11-16 00:00:00,0.5,40.56338,-2.5,2079-11-16 00:00:00,1.2497817e-05
2079-12-16 12:00:00,0.5,40.56338,-2.5,2079-12-16 12:00:00,9.460267e-06
2080-01-16 12:00:00,0.5,40.56338,-2.5,2080-01-16 12:00:00,1.0569668e-05
2080-02-15 12:00:00,0.5,40.56338,-2.5,2080-02-15 12:00:00,2.7308191e-05
2080-03-16 12:00:00,0.5,40.56338,-2.5,2080-03-16 12:00:00,1.9246076e-05
2080-04-16 00:00:00,0.5,40.56338,-2.5,2080-04-16 00:00:00,2.3812812e-05
2080-05-16 12:00:00,0.5,40.56338,-2.5,2080-05-16 12:00:00,1.6840837e-05
2080-06-16 00:00:00,0.5,40.56338,-2.5,2080-06-16 00:00:00,6.892551e-05
2080-07-16 12:00:00,0.5,40.56338,-2.5,2080-07-16 12:00:00,1.982169e-05
2080-08-16 12:00:00,0.5,40.56338,-2.5,2080-08-16 12:00:00,7.1239165e-06
2080-09-16 00:00:00,0.5,40.56338,-2.5,2080-09-16 00:00:00,4.990329e-05
2080-10-16 12:00:00,0.5,40.56338,-2.5,2080-10-16 12:00:00,5.4998573e-06
2080-11-16 00:00:00,0.5,40.56338,-2.5,2080-11-16 00:00:00,1.9087323e-05
2080-12-16 12:00:00,0.5,40.56338,-2.5,2080-12-16 12:00:00,1.6779904e-05
2081-01-16 12:00:00,0.5,40.56338,-2.5,2081-01-16 12:00:00,2.374309e-05
2081-02-15 00:00:00,0.5,40.56338,-2.5,2081-02-15 00:00:00,1.950895e-05
2081-03-16 12:00:00,0.5,40.56338,-2.5,2081-03-16 12:00:00,4.5541878e-05
2081-04-16 00:00:00,0.5,40.56338,-2.5,2081-04-16 00:00:00,1.0378657e-05
2081-05-16 12:00:00,0.5,40.56338,-2.5,2081-05-16 12:00:00,2.7286676e-05
2081-06-16 00:00:00,0.5,40.56338,-2.5,2081-06-16 00:00:00,3.982506e-05
2081-07-16 12:00:00,0.5,40.56338,-2.5,2081-07-16 12:00:00,2.3101276e-05
2081-08-16 12:00:00,0.5,40.56338,-2.5,2081-08-16 12:00:00,3.129338e-05
2081-09-16 00:00:00,0.5,40.56338,-2.5,2081-09-16 00:00:00,9.535587e-06
2081-10-16 12:00:00,0.5,40.56338,-2.5,2081-10-16 12:00:00,1.6334308e-05
2081-11-16 00:00:00,0.5,40.56338,-2.5,2081-11-16 00:00:00,3.966432e-06
2081-12-16 12:00:00,0.5,40.56338,-2.5,2081-12-16 12:00:00,8.428963e-06
2082-01-16 12:00:00,0.5,40.56338,-2.5,2082-01-16 12:00:00,8.8860725e-06
2082-02-15 00:00:00,0.5,40.56338,-2.5,2082-02-15 00:00:00,1.3258832e-05
2082-03-16 12:00:00,0.5,40.56338,-2.5,2082-03-16 12:00:00,1.2717627e-05
2082-04-16 00:00:00,0.5,40.56338,-2.5,2082-04-16 00:00:00,1.3661384e-05
2082-05-16 12:00:00,0.5,40.56338,-2.5,2082-05-16 12:00:00,3.5922563e-05
2082-06-16 00:00:00,0.5,40.56338,-2.5,2082-06-16 00:00:00,5.050919e-06
2082-07-16 12:00:00,0.5,40.56338,-2.5,2082-07-16 12:00:00,2.0649532e-05
2082-08-16 12:00:00,0.5,40.56338,-2.5,2082-08-16 12:00:00,1.0571378e-05
2082-09-16 00:00:00,0.5,40.56338,-2.5,2082-09-16 00:00:00,4.2599655e-05
2082-10-16 12:00:00,0.5,40.56338,-2.5,2082-10-16 12:00:00,2.3197756e-06
2082-11-16 00:00:00,0.5,40.56338,-2.5,2082-11-16 00:00:00,1.6696758e-05
2082-12-16 12:00:00,0.5,40.56338,-2.5,2082-12-16 12:00:00,1.5901745e-05
2083-01-16 12:00:00,0.5,40.56338,-2.5,2083-01-16 12:00:00,1.2202643e-06
2083-02-15 00:00:00,0.5,40.56338,-2.5,2083-02-15 00:00:00,1.1441052e-06
2083-03-16 12:00:00,0.5,40.56338,-2.5,2083-03-16 12:00:00,7.099557e-06
2083-04-16 00:00:00,0.5,40.56338,-2.5,2083-04-16 00:00:00,1.1561449e-05
2083-05-16 12:00:00,0.5,40.56338,-2.5,2083-05-16 12:00:00,4.0066032e-05
2083-06-16 00:00:00,0.5,40.56338,-2.5,2083-06-16 00:00:00,4.082462e-05
2083-07-16 12:00:00,0.5,40.56338,-2.5,2083-07-16 12:00:00,3.464827e-05
2083-08-16 12:00:00,0.5,40.56338,-2.5,2083-08-16 12:00:00,1.3594261e-05
2083-09-16 00:00:00,0.5,40.56338,-2.5,2083-09-16 00:00:00,3.662461e-05
2083-10-16 12:00:00,0.5,40.56338,-2.5,2083-10-16 12:00:00,9.5300675e-06
2083-11-16 00:00:00,0.5,40.56338,-2.5,2083-11-16 00:00:00,1.6536003e-05
2083-12-16 12:00:00,0.5,40.56338,-2.5,2083-12-16 12:00:00,2.3777175e-05
2084-01-16 12:00:00,0.5,40.56338,-2.5,2084-01-16 12:00:00,3.4391884e-05
2084-02-15 12:00:00,0.5,40.56338,-2.5,2084-02-15 12:00:00,1.0812829e-05
2084-03-16 12:00:00,0.5,40.56338,-2.5,2084-03-16 12:00:00,3.970238e-05
2084-04-16 00:00:00,0.5,40.56338,-2.5,2084-04-16 00:00:00,3.9696664e-05
2084-05-16 12:00:00,0.5,40.56338,-2.5,2084-05-16 12:00:00,2.7382503e-05
2084-06-16 00:00:00,0.5,40.56338,-2.5,2084-06-16 00:00:00,2.819727e-05
2084-07-16 12:00:00,0.5,40.56338,-2.5,2084-07-16 12:00:00,1.6866034e-06
2084-08-16 12:00:00,0.5,40.56338,-2.5,2084-08-16 12:00:00,3.527138e-05
2084-09-16 00:00:00,0.5,40.56338,-2.5,2084-09-16 00:00:00,4.2794643e-05
2084-10-16 12:00:00,0.5,40.56338,-2.5,2084-10-16 12:00:00,2.3046507e-06
2084-11-16 00:00:00,0.5,40.56338,-2.5,2084-11-16 00:00:00,1.1709026e-05
2084-12-16 12:00:00,0.5,40.56338,-2.5,2084-12-16 12:00:00,1.634379e-05
2085-01-16 12:00:00,0.5,40.56338,-2.5,2085-01-16 12:00:00,2.236621e-06
2085-02-15 00:00:00,0.5,40.56338,-2.5,2085-02-15 00:00:00,5.91044e-06
2085-03-16 12:00:00,0.5,40.56338,-2.5,2085-03-16 12:00:00,4.0633936e-06
2085-04-16 00:00:00,0.5,40.56338,-2.5,2085-04-16 00:00:00,2.36243e-05
2085-05-16 12:00:00,0.5,40.56338,-2.5,2085-05-16 12:00:00,2.4380332e-05
2085-06-16 00:00:00,0.5,40.56338,-2.5,2085-06-16 00:00:00,6.339757e-05
2085-07-16 12:00:00,0.5,40.56338,-2.5,2085-07-16 12:00:00,1.3706771e-05
2085-08-16 12:00:00,0.5,40.56338,-2.5,2085-08-16 12:00:00,7.3367314e-06
2085-09-16 00:00:00,0.5,40.56338,-2.5,2085-09-16 00:00:00,0.00011202738
2085-10-16 12:00:00,0.5,40.56338,-2.5,2085-10-16 12:00:00,5.0788203e-05
2085-11-16 00:00:00,0.5,40.56338,-2.5,2085-11-16 00:00:00,3.6313028e-05
2085-12-16 12:00:00,0.5,40.56338,-2.5,2085-12-16 12:00:00,8.080425e-06
2086-01-16 12:00:00,0.5,40.56338,-2.5,2086-01-16 12:00:00,4.3017685e-06
2086-02-15 00:00:00,0.5,40.56338,-2.5,2086-02-15 00:00:00,1.18382595e-05
2086-03-16 12:00:00,0.5,40.56338,-2.5,2086-03-16 12:00:00,9.051746e-06
2086-04-16 00:00:00,0.5,40.56338,-2.5,2086-04-16 00:00:00,1.902526e-05
2086-05-16 12:00:00,0.5,40.56338,-2.5,2086-05-16 12:00:00,2.3748626e-05
2086-06-16 00:00:00,0.5,40.56338,-2.5,2086-06-16 00:00:00,1.3013262e-05
2086-07-16 12:00:00,0.5,40.56338,-2.5,2086-07-16 12:00:00,1.8332858e-05
2086-08-16 12:00:00,0.5,40.56338,-2.5,2086-08-16 12:00:00,1.1639166e-05
2086-09-16 00:00:00,0.5,40.56338,-2.5,2086-09-16 00:00:00,4.1099178e-05
2086-10-16 12:00:00,0.5,40.56338,-2.5,2086-10-16 12:00:00,2.9818073e-06
2086-11-16 00:00:00,0.5,40.56338,-2.5,2086-11-16 00:00:00,9.6089325e-06
2086-12-16 12:00:00,0.5,40.56338,-2.5,2086-12-16 12:00:00,1.4786146e-06
2087-01-16 12:00:00,0.5,40.56338,-2.5,2087-01-16 12:00:00,4.098578e-06
2087-02-15 00:00:00,0.5,40.56338,-2.5,2087-02-15 00:00:00,1.4576555e-05
2087-03-16 12:00:00,0.5,40.56338,-2.5,2087-03-16 12:00:00,5.268175e-06
2087-04-16 00:00:00,0.5,40.56338,-2.5,2087-04-16 00:00:00,4.0402843e-05
2087-05-16 12:00:00,0.5,40.56338,-2.5,2087-05-16 12:00:00,3.8477192e-05
2087-06-16 00:00:00,0.5,40.56338,-2.5,2087-06-16 00:00:00,0.00011192649
2087-07-16 12:00:00,0.5,40.56338,-2.5,2087-07-16 12:00:00,2.46923e-05
2087-08-16 12:00:00,0.5,40.56338,-2.5,2087-08-16 12:00:00,8.38366e-06
2087-09-16 00:00:00,0.5,40.56338,-2.5,2087-09-16 00:00:00,2.5541283e-05
2087-10-16 12:00:00,0.5,40.56338,-2.5,2087-10-16 12:00:00,2.5767007e-05
2087-11-16 00:00:00,0.5,40.56338,-2.5,2087-11-16 00:00:00,3.7077134e-06
2087-12-16 12:00:00,0.5,40.56338,-2.5,2087-12-16 12:00:00,3.3634826e-06
2088-01-16 12:00:00,0.5,40.56338,-2.5,2088-01-16 12:00:00,1.6046768e-06
2088-02-15 12:00:00,0.5,40.56338,-2.5,2088-02-15 12:00:00,2.0867383e-05
2088-03-16 12:00:00,0.5,40.56338,-2.5,2088-03-16 12:00:00,1.4335585e-05
2088-04-16 00:00:00,0.5,40.56338,-2.5,2088-04-16 00:00:00,1.4836051e-05
2088-05-16 12:00:00,0.5,40.56338,-2.5,2088-05-16 12:00:00,3.77031e-05
2088-06-16 00:00:00,0.5,40.56338,-2.5,2088-06-16 00:00:00,2.3520324e-05
2088-07-16 12:00:00,0.5,40.56338,-2.5,2088-07-16 12:00:00,1.1924534e-05
2088-08-16 12:00:00,0.5,40.56338,-2.5,2088-08-16 12:00:00,2.665474e-06
2088-09-16 00:00:00,0.5,40.56338,-2.5,2088-09-16 00:00:00,2.283043e-05
2088-10-16 12:00:00,0.5,40.56338,-2.5,2088-10-16 12:00:00,2.2171693e-05
2088-11-16 00:00:00,0.5,40.56338,-2.5,2088-11-16 00:00:00,1.8364364e-05
2088-12-16 12:00:00,0.5,40.56338,-2.5,2088-12-16 12:00:00,5.251217e-05
2089-01-16 12:00:00,0.5,40.56338,-2.5,2089-01-16 12:00:00,6.913804e-06
2089-02-15 00:00:00,0.5,40.56338,-2.5,2089-02-15 00:00:00,1.3213533e-05
2089-03-16 12:00:00,0.5,40.56338,-2.5,2089-03-16 12:00:00,3.0965602e-05
2089-04-16 00:00:00,0.5,40.56338,-2.5,2089-04-16 00:00:00,5.3738167e-05
2089-05-16 12:00:00,0.5,40.56338,-2.5,2089-05-16 12:00:00,3.1975218e-05
2089-06-16 00:00:00,0.5,40.56338,-2.5,2089-06-16 00:00:00,4.205285e-05
2089-07-16 12:00:00,0.5,40.56338,-2.5,2089-07-16 12:00:00,0.00010689749
2089-08-16 12:00:00,0.5,40.56338,-2.5,2089-08-16 12:00:00,4.393379e-05
2089-09-16 00:00:00,0.5,40.56338,-2.5,2089-09-16 00:00:00,1.123908e-05
2089-10-16 12:00:00,0.5,40.56338,-2.5,2089-10-16 12:00:00,9.99343e-08
2089-11-16 00:00:00,0.5,40.56338,-2.5,2089-11-16 00:00:00,5.652756e-05
2089-12-16 12:00:00,0.5,40.56338,-2.5,2089-12-16 12:00:00,2.2515012e-05
2090-01-16 12:00:00,0.5,40.56338,-2.5,2090-01-16 12:00:00,1.360852e-05
2090-02-15 00:00:00,0.5,40.56338,-2.5,2090-02-15 00:00:00,8.666878e-06
2090-03-16 12:00:00,0.5,40.56338,-2.5,2090-03-16 12:00:00,1.7616016e-05
2090-04-16 00:00:00,0.5,40.56338,-2.5,2090-04-16 00:00:00,1.2470729e-05
2090-05-16 12:00:00,0.5,40.56338,-2.5,2090-05-16 12:00:00,4.7733994e-07
2090-06-16 00:00:00,0.5,40.56338,-2.5,2090-06-16 00:00:00,1.4009675e-05
2090-07-16 12:00:00,0.5,40.56338,-2.5,2090-07-16 12:00:00,1.6656342e-05
2090-08-16 12:00:00,0.5,40.56338,-2.5,2090-08-16 12:00:00,1.506326e-05
2090-09-16 00:00:00,0.5,40.56338,-2.5,2090-09-16 00:00:00,2.9860946e-06
2090-10-16 12:00:00,0.5,40.56338,-2.5,2090-10-16 12:00:00,1.784512e-05
2090-11-16 00:00:00,0.5,40.56338,-2.5,2090-11-16 00:00:00,1.2271492e-05
2090-12-16 12:00:00,0.5,40.56338,-2.5,2090-12-16 12:00:00,2.5432331e-05
2091-01-16 12:00:00,0.5,40.56338,-2.5,2091-01-16 12:00:00,3.5876824e-06
2091-02-15 00:00:00,0.5,40.56338,-2.5,2091-02-15 00:00:00,5.0683007e-05
2091-03-16 12:00:00,0.5,40.56338,-2.5,2091-03-16 12:00:00,4.6126486e-05
2091-04-16 00:00:00,0.5,40.56338,-2.5,2091-04-16 00:00:00,1.9102797e-06
2091-05-16 12:00:00,0.5,40.56338,-2.5,2091-05-16 12:00:00,2.3157767e-05
2091-06-16 00:00:00,0.5,40.56338,-2.5,2091-06-16 00:00:00,2.1690117e-05
2091-07-16 12:00:00,0.5,40.56338,-2.5,2091-07-16 12:00:00,1.2309266e-05
2091-08-16 12:00:00,0.5,40.56338,-2.5,2091-08-16 12:00:00,4.0379023e-06
2091-09-16 00:00:00,0.5,40.56338,-2.5,2091-09-16 00:00:00,5.0674367e-05
2091-10-16 12:00:00,0.5,40.56338,-2.5,2091-10-16 12:00:00,2.1208061e-05
2091-11-16 00:00:00,0.5,40.56338,-2.5,2091-11-16 00:00:00,9.07057e-06
2091-12-16 12:00:00,0.5,40.56338,-2.5,2091-12-16 12:00:00,2.1501293e-05
2092-01-16 12:00:00,0.5,40.56338,-2.5,2092-01-16 12:00:00,4.5240235e-05
2092-02-15 12:00:00,0.5,40.56338,-2.5,2092-02-15 12:00:00,4.033609e-05
2092-03-16 12:00:00,0.5,40.56338,-2.5,2092-03-16 12:00:00,2.594006e-05
2092-04-16 00:00:00,0.5,40.56338,-2.5,2092-04-16 00:00:00,1.0794933e-05
2092-05-16 12:00:00,0.5,40.56338,-2.5,2092-05-16 12:00:00,1.8758947e-05
2092-06-16 00:00:00,0.5,40.56338,-2.5,2092-06-16 00:00:00,4.0372128e-05
2092-07-16 12:00:00,0.5,40.56338,-2.5,2092-07-16 12:00:00,2.7940037e-05
2092-08-16 12:00:00,0.5,40.56338,-2.5,2092-08-16 12:00:00,1.8686642e-05
2092-09-16 00:00:00,0.5,40.56338,-2.5,2092-09-16 00:00:00,1.8462142e-05
2092-10-16 12:00:00,0.5,40.56338,-2.5,2092-10-16 12:00:00,9.453905e-06
2092-11-16 00:00:00,0.5,40.56338,-2.5,2092-11-16 00:00:00,8.016214e-06
2092-12-16 12:00:00,0.5,40.56338,-2.5,2092-12-16 12:00:00,4.4756243e-06
2093-01-16 12:00:00,0.5,40.56338,-2.5,2093-01-16 12:00:00,1.8586927e-05
2093-02-15 00:00:00,0.5,40.56338,-2.5,2093-02-15 00:00:00,2.691862e-05
2093-03-16 12:00:00,0.5,40.56338,-2.5,2093-03-16 12:00:00,2.9821313e-06
2093-04-16 00:00:00,0.5,40.56338,-2.5,2093-04-16 00:00:00,1.7353008e-05
2093-05-16 12:00:00,0.5,40.56338,-2.5,2093-05-16 12:00:00,2.2542055e-05
2093-06-16 00:00:00,0.5,40.56338,-2.5,2093-06-16 00:00:00,5.8412606e-05
2093-07-16 12:00:00,0.5,40.56338,-2.5,2093-07-16 12:00:00,2.214095e-05
2093-08-16 12:00:00,0.5,40.56338,-2.5,2093-08-16 12:00:00,2.9574847e-05
2093-09-16 00:00:00,0.5,40.56338,-2.5,2093-09-16 00:00:00,1.0352685e-05
2093-10-16 12:00:00,0.5,40.56338,-2.5,2093-10-16 12:00:00,7.4138266e-06
2093-11-16 00:00:00,0.5,40.56338,-2.5,2093-11-16 00:00:00,1.5370195e-05
2093-12-16 12:00:00,0.5,40.56338,-2.5,2093-12-16 12:00:00,2.5541583e-06
2094-01-16 12:00:00,0.5,40.56338,-2.5,2094-01-16 12:00:00,1.2717936e-05
2094-02-15 00:00:00,0.5,40.56338,-2.5,2094-02-15 00:00:00,3.3425717e-05
2094-03-16 12:00:00,0.5,40.56338,-2.5,2094-03-16 12:00:00,6.7878244e-07
2094-04-16 00:00:00,0.5,40.56338,-2.5,2094-04-16 00:00:00,2.9585239e-05
2094-05-16 12:00:00,0.5,40.56338,-2.5,2094-05-16 12:00:00,1.197482e-05
2094-06-16 00:00:00,0.5,40.56338,-2.5,2094-06-16 00:00:00,8.596795e-06
2094-07-16 12:00:00,0.5,40.56338,-2.5,2094-07-16 12:00:00,1.9026454e-06
2094-08-16 12:00:00,0.5,40.56338,-2.5,2094-08-16 12:00:00,1.0616082e-05
2094-09-16 00:00:00,0.5,40.56338,-2.5,2094-09-16 00:00:00,1.0256361e-05
2094-10-16 12:00:00,0.5,40.56338,-2.5,2094-10-16 12:00:00,1.7200511e-05
2094-11-16 00:00:00,0.5,40.56338,-2.5,2094-11-16 00:00:00,1.1599421e-05
2094-12-16 12:00:00,0.5,40.56338,-2.5,2094-12-16 12:00:00,2.1423505e-06
2095-01-16 12:00:00,0.5,40.56338,-2.5,2095-01-16 12:00:00,7.5679964e-06
2095-02-15 00:00:00,0.5,40.56338,-2.5,2095-02-15 00:00:00,5.2908676e-06
2095-03-16 12:00:00,0.5,40.56338,-2.5,2095-03-16 12:00:00,2.1379185e-05
2095-04-16 00:00:00,0.5,40.56338,-2.5,2095-04-16 00:00:00,2.1932221e-05
2095-05-16 12:00:00,0.5,40.56338,-2.5,2095-05-16 12:00:00,3.0105352e-06
2095-06-16 00:00:00,0.5,40.56338,-2.5,2095-06-16 00:00:00,6.2647276e-05
2095-07-16 12:00:00,0.5,40.56338,-2.5,2095-07-16 12:00:00,3.0486302e-05
2095-08-16 12:00:00,0.5,40.56338,-2.5,2095-08-16 12:00:00,6.2415297e-06
2095-09-16 00:00:00,0.5,40.56338,-2.5,2095-09-16 00:00:00,1.5722211e-05
2095-10-16 12:00:00,0.5,40.56338,-2.5,2095-10-16 12:00:00,4.5108565e-05
2095-11-16 00:00:00,0.5,40.56338,-2.5,2095-11-16 00:00:00,5.72117e-06
2095-12-16 12:00:00,0.5,40.56338,-2.5,2095-12-16 12:00:00,1.6069645e-05
2096-01-16 12:00:00,0.5,40.56338,-2.5,2096-01-16 12:00:00,2.0661269e-06
2096-02-15 12:00:00,0.5,40.56338,-2.5,2096-02-15 12:00:00,2.0152767e-05
2096-03-16 12:00:00,0.5,40.56338,-2.5,2096-03-16 12:00:00,5.6060024e-05
2096-04-16 00:00:00,0.5,40.56338,-2.5,2096-04-16 00:00:00,2.001404e-05
2096-05-16 12:00:00,0.5,40.56338,-2.5,2096-05-16 12:00:00,3.191116e-05
2096-06-16 00:00:00,0.5,40.56338,-2.5,2096-06-16 00:00:00,7.217964e-05
2096-07-16 12:00:00,0.5,40.56338,-2.5,2096-07-16 12:00:00,1.1751597e-05
2096-08-16 12:00:00,0.5,40.56338,-2.5,2096-08-16 12:00:00,1.2130266e-05
2096-09-16 00:00:00,0.5,40.56338,-2.5,2096-09-16 00:00:00,5.1297768e-05
2096-10-16 12:00:00,0.5,40.56338,-2.5,2096-10-16 12:00:00,5.813004e-05
2096-11-16 00:00:00,0.5,40.56338,-2.5,2096-11-16 00:00:00,1.6918385e-06
2096-12-16 12:00:00,0.5,40.56338,-2.5,2096-12-16 12:00:00,1.4592223e-06
2097-01-16 12:00:00,0.5,40.56338,-2.5,2097-01-16 12:00:00,5.9378e-06
2097-02-15 00:00:00,0.5,40.56338,-2.5,2097-02-15 00:00:00,1.6995522e-05
2097-03-16 12:00:00,0.5,40.56338,-2.5,2097-03-16 12:00:00,9.53766e-06
2097-04-16 00:00:00,0.5,40.56338,-2.5,2097-04-16 00:00:00,8.310141e-06
2097-05-16 12:00:00,0.5,40.56338,-2.5,2097-05-16 12:00:00,5.6829726e-06
2097-06-16 00:00:00,0.5,40.56338,-2.5,2097-06-16 00:00:00,2.9659723e-05
2097-07-16 12:00:00,0.5,40.56338,-2.5,2097-07-16 12:00:00,3.217829e-05
2097-08-16 12:00:00,0.5,40.56338,-2.5,2097-08-16 12:00:00,1.01837995e-05
2097-09-16 00:00:00,0.5,40.56338,-2.5,2097-09-16 00:00:00,1.489748e-05
2097-10-16 12:00:00,0.5,40.56338,-2.5,2097-10-16 12:00:00,6.36414e-06
2097-11-16 00:00:00,0.5,40.56338,-2.5,2097-11-16 00:00:00,4.1595238e-05
2097-12-16 12:00:00,0.5,40.56338,-2.5,2097-12-16 12:00:00,1.43347615e-05
2098-01-16 12:00:00,0.5,40.56338,-2.5,2098-01-16 12:00:00,1.8965284e-05
2098-02-15 00:00:00,0.5,40.56338,-2.5,2098-02-15 00:00:00,8.840646e-06
2098-03-16 12:00:00,0.5,40.56338,-2.5,2098-03-16 12:00:00,1.3538247e-05
2098-04-16 00:00:00,0.5,40.56338,-2.5,2098-04-16 00:00:00,8.855723e-07
2098-05-16 12:00:00,0.5,40.56338,-2.5,2098-05-16 12:00:00,2.3694574e-05
2098-06-16 00:00:00,0.5,40.56338,-2.5,2098-06-16 00:00:00,3.1786625e-05
2098-07-16 12:00:00,0.5,40.56338,-2.5,2098-07-16 12:00:00,2.4700441e-05
2098-08-16 12:00:00,0.5,40.56338,-2.5,2098-08-16 12:00:00,2.1019732e-05
2098-09-16 00:00:00,0.5,40.56338,-2.5,2098-09-16 00:00:00,3.671724e-05
2098-10-16 12:00:00,0.5,40.56338,-2.5,2098-10-16 12:00:00,1.5724407e-05
2098-11-16 00:00:00,0.5,40.56338,-2.5,2098-11-16 00:00:00,1.1011176e-05
2098-12-16 12:00:00,0.5,40.56338,-2.5,2098-12-16 12:00:00,1.9120062e-05
2099-01-16 12:00:00,0.5,40.56338,-2.5,2099-01-16 12:00:00,9.1892525e-06
2099-02-15 00:00:00,0.5,40.56338,-2.5,2099-02-15 00:00:00,6.175692e-05
2099-03-16 12:00:00,0.5,40.56338,-2.5,2099-03-16 12:00:00,2.3327855e-05
2099-04-16 00:00:00,0.5,40.56338,-2.5,2099-04-16 00:00:00,1.2588003e-05
2099-05-16 12:00:00,0.5,40.56338,-2.5,2099-05-16 12:00:00,3.370246e-05
2099-06-16 00:00:00,0.5,40.56338,-2.5,2099-06-16 00:00:00,1.2265767e-05
2099-07-16 12:00:00,0.5,40.56338,-2.5,2099-07-16 12:00:00,5.9938457e-06
2099-08-16 12:00:00,0.5,40.56338,-2.5,2099-08-16 12:00:00,5.711168e-06
2099-09-16 00:00:00,0.5,40.56338,-2.5,2099-09-16 00:00:00,4.6638812e-05
2099-10-16 12:00:00,0.5,40.56338,-2.5,2099-10-16 12:00:00,1.5823172e-05
2099-11-16 00:00:00,0.5,40.56338,-2.5,2099-11-16 00:00:00,8.496369e-06
2099-12-16 12:00:00,0.5,40.56338,-2.5,2099-12-16 12:00:00,6.103504e-06
