transnational_regions,time,tp,realization
11,1940-01-01,92.80843952376446,0
11,1940-02-01,80.5072671579811,0
11,1940-03-01,58.40385861776872,0
11,1940-04-01,53.44033338261701,0
11,1940-05-01,60.921716635298985,0
11,1940-06-01,77.31401810352426,0
11,1940-07-01,35.1453532759651,0
11,1940-08-01,9.484691839861576,0
11,1940-09-01,66.36240523788146,0
11,1940-10-01,101.51652377180791,0
11,1940-11-01,65.49540646406147,0
11,1940-12-01,49.86702383308894,0
11,1941-01-01,163.4661021211149,0
11,1941-02-01,101.21503995152648,0
11,1941-03-01,77.20126241644621,0
11,1941-04-01,79.93733941870425,0
11,1941-05-01,69.25547736438514,0
11,1941-06-01,35.685119774931124,0
11,1941-07-01,11.939159331224088,0
11,1941-08-01,33.700161891991364,0
11,1941-09-01,34.97924869045485,0
11,1941-10-01,27.3499579259406,0
11,1941-11-01,89.91523426864481,0
11,1941-12-01,36.59733063561616,0
11,1942-01-01,68.84684671112147,0
11,1942-02-01,46.412872853664894,0
11,1942-03-01,97.1957954124018,0
11,1942-04-01,108.30086337016218,0
11,1942-05-01,41.25716516825511,0
11,1942-06-01,30.31948733819128,0
11,1942-07-01,10.542082456075347,0
11,1942-08-01,16.840224327475333,0
11,1942-09-01,65.2957287487043,0
11,1942-10-01,91.32659453960281,0
11,1942-11-01,57.81692427470435,0
11,1942-12-01,74.0905101810804,0
11,1943-01-01,96.8505685736997,0
11,1943-02-01,37.94439905215414,0
11,1943-03-01,84.4216753252482,0
11,1943-04-01,44.4979668040234,0
11,1943-05-01,48.21540573379794,0
11,1943-06-01,16.951093926938267,0
11,1943-07-01,26.748038894492897,0
11,1943-08-01,11.512470217966627,0
11,1943-09-01,65.79970404808648,0
11,1943-10-01,82.41121451692487,0
11,1943-11-01,52.57548388761214,0
11,1943-12-01,83.60085277285052,0
11,1944-01-01,12.521770138512228,0
11,1944-02-01,56.702536616510606,0
11,1944-03-01,23.755855958871486,0
11,1944-04-01,71.14118503248335,0
11,1944-05-01,50.89140208814689,0
11,1944-06-01,47.66781087497917,0
11,1944-07-01,24.305417941289537,0
11,1944-08-01,31.98873410616097,0
11,1944-09-01,48.91458072223682,0
11,1944-10-01,72.77858402329451,0
11,1944-11-01,53.3634840593331,0
11,1944-12-01,78.77479767880456,0
11,1945-01-01,79.07211927996119,0
11,1945-02-01,12.550109690589018,0
11,1945-03-01,28.76839953069418,0
11,1945-04-01,25.714015714019745,0
11,1945-05-01,51.57674640314784,0
11,1945-06-01,21.152937416683454,0
11,1945-07-01,18.059880122709796,0
11,1945-08-01,38.43846096228327,0
11,1945-09-01,20.59623481271574,0
11,1945-10-01,60.4613443057048,0
11,1945-11-01,73.22499148513886,0
11,1945-12-01,104.49436911460492,0
11,1946-01-01,48.2996785861906,0
11,1946-02-01,33.95169159762756,0
11,1946-03-01,90.11661683393845,0
11,1946-04-01,119.11948365076354,0
11,1946-05-01,120.27942047832728,0
11,1946-06-01,32.566198269823495,0
11,1946-07-01,9.906889072823613,0
11,1946-08-01,28.12246163285355,0
11,1946-09-01,23.97910316026662,0
11,1946-10-01,55.54923192854393,0
11,1946-11-01,74.04022546905829,0
11,1946-12-01,73.75087566049658,0
11,1947-01-01,73.39309208340221,0
11,1947-02-01,152.59648568118348,0
11,1947-03-01,119.46777398764434,0
11,1947-04-01,29.95145810029754,0
11,1947-05-01,54.78166084436036,0
11,1947-06-01,21.444321289005163,0
11,1947-07-01,29.060846452032635,0
11,1947-08-01,36.168187026317085,0
11,1947-09-01,55.14911035068582,0
11,1947-10-01,62.77356871538896,0
11,1947-11-01,44.98913311020665,0
11,1947-12-01,67.15672431710044,0
11,1948-01-01,138.36907088872078,0
11,1948-02-01,63.97951349767673,0
11,1948-03-01,34.72562289581328,0
11,1948-04-01,81.95569681627956,0
11,1948-05-01,101.32664265565089,0
11,1948-06-01,38.35980358650857,0
11,1948-07-01,19.900747970497342,0
11,1948-08-01,36.328538196381075,0
11,1948-09-01,38.924613467791616,0
11,1948-10-01,52.705728157334875,0
11,1948-11-01,21.550811070038655,0
11,1948-12-01,97.05682619084442,0
11,1949-01-01,39.68063295766173,0
11,1949-02-01,26.69946232187373,0
11,1949-03-01,56.22449425793367,0
11,1949-04-01,52.56117933478795,0
11,1949-05-01,73.29161695586629,0
11,1949-06-01,34.055704529634895,0
11,1949-07-01,14.5200232035934,0
11,1949-08-01,24.20033654048389,0
11,1949-09-01,98.92333731751287,0
11,1949-10-01,30.713034823510387,0
11,1949-11-01,90.460359089849,0
11,1949-12-01,66.03344635586791,0
11,1950-01-01,35.82921176682903,0
11,1950-02-01,77.54849334952829,0
11,1950-03-01,45.157572097745174,0
11,1950-04-01,47.62573847688241,0
11,1950-05-01,85.52541669863905,0
11,1950-06-01,37.52119309727888,0
11,1950-07-01,15.373628866210229,0
11,1950-08-01,29.33790697959951,0
11,1950-09-01,35.080637809854515,0
11,1950-10-01,46.21255377820686,0
11,1950-11-01,69.20374977550941,0
11,1950-12-01,99.01735326875729,0
11,1951-01-01,87.70778404061751,0
11,1951-02-01,103.99325314660786,0
11,1951-03-01,100.16364356660745,0
11,1951-04-01,67.08122588306634,0
11,1951-05-01,94.00777093101293,0
11,1951-06-01,50.7310334988715,0
11,1951-07-01,25.577053378527978,0
11,1951-08-01,35.910802904240015,0
11,1951-09-01,41.842777495197026,0
11,1951-10-01,59.8967546610627,0
11,1951-11-01,124.43320844156918,0
11,1951-12-01,54.2228961854412,0
11,1952-01-01,65.57552438442411,0
11,1952-02-01,41.92617545645015,0
11,1952-03-01,90.09217091669962,0
11,1952-04-01,58.1836483274316,0
11,1952-05-01,71.1269805220829,0
11,1952-06-01,32.56895673799393,0
11,1952-07-01,23.505946278179927,0
11,1952-08-01,39.47446070958187,0
11,1952-09-01,48.65594230791361,0
11,1952-10-01,74.31202392508753,0
11,1952-11-01,79.93425769357367,0
11,1952-12-01,85.37458787167272,0
11,1953-01-01,32.99690656447571,0
11,1953-02-01,38.823887187797254,0
11,1953-03-01,33.33733780555019,0
11,1953-04-01,69.1794338005169,0
11,1953-05-01,29.05477274299751,0
11,1953-06-01,66.75023484862125,0
11,1953-07-01,20.553850040509694,0
11,1953-08-01,13.681374671787095,0
11,1953-09-01,54.44539124161917,0
11,1953-10-01,90.94817804356114,0
11,1953-11-01,42.18730489712023,0
11,1953-12-01,69.45293469639051,0
11,1954-01-01,48.941442439873796,0
11,1954-02-01,63.89148848631257,0
11,1954-03-01,106.85289021725418,0
11,1954-04-01,59.9128042369387,0
11,1954-05-01,58.06093894918,0
11,1954-06-01,39.48507574447257,0
11,1954-07-01,18.14615355251734,0
11,1954-08-01,48.00159700080677,0
11,1954-09-01,31.290424014283527,0
11,1954-10-01,38.9863780647525,0
11,1954-11-01,76.81439763776791,0
11,1954-12-01,51.078931148918706,0
11,1955-01-01,150.86260514113957,0
11,1955-02-01,106.85705500462441,0
11,1955-03-01,54.11366715326336,0
11,1955-04-01,28.50791049132343,0
11,1955-05-01,38.272356005846014,0
11,1955-06-01,51.38737894002867,0
11,1955-07-01,29.910824870826726,0
11,1955-08-01,20.37264626728792,0
11,1955-09-01,22.25284134369866,0
11,1955-10-01,63.50373657178335,0
11,1955-11-01,80.04837262633782,0
11,1955-12-01,111.08545838001601,0
11,1956-01-01,94.48893749927456,0
11,1956-02-01,46.89319588731515,0
11,1956-03-01,120.15081589804467,0
11,1956-04-01,92.11727632710239,0
11,1956-05-01,63.78378684340363,0
11,1956-06-01,24.66068769768748,0
11,1956-07-01,29.602363514739654,0
11,1956-08-01,49.85746161046241,0
11,1956-09-01,59.953552384730244,0
11,1956-10-01,44.38818471218093,0
11,1956-11-01,51.433965111560454,0
11,1956-12-01,34.7944966193173,0
11,1957-01-01,32.40039817405616,0
11,1957-02-01,82.40244385286347,0
11,1957-03-01,51.61079287220919,0
11,1957-04-01,73.8447656013471,0
11,1957-05-01,76.2371463923455,0
11,1957-06-01,78.40818308571397,0
11,1957-07-01,21.268087465709183,0
11,1957-08-01,24.386822099705224,0
11,1957-09-01,45.10636002344927,0
11,1957-10-01,53.95979690607989,0
11,1957-11-01,68.2342845714246,0
11,1957-12-01,63.320673070717945,0
11,1958-01-01,86.33258103782248,0
11,1958-02-01,49.80980818157056,0
11,1958-03-01,103.57600953783307,0
11,1958-04-01,58.76922523486751,0
11,1958-05-01,54.511470969007625,0
11,1958-06-01,62.790242770118056,0
11,1958-07-01,31.800375764832598,0
11,1958-08-01,46.006835403478135,0
11,1958-09-01,39.44440925234661,0
11,1958-10-01,56.17123276419275,0
11,1958-11-01,45.440506734012374,0
11,1958-12-01,167.85327284489125,0
11,1959-01-01,65.7790485599863,0
11,1959-02-01,41.4044164282445,0
11,1959-03-01,100.55786300193314,0
11,1959-04-01,74.70102324678511,0
11,1959-05-01,80.77192799453388,0
11,1959-06-01,40.5693445134759,0
11,1959-07-01,25.412991742539692,0
11,1959-08-01,34.009131146237905,0
11,1959-09-01,81.89987772781205,0
11,1959-10-01,76.67169171026742,0
11,1959-11-01,98.67271233551384,0
11,1959-12-01,135.96650638439783,0
11,1960-01-01,84.80433470111723,0
11,1960-02-01,107.23631411614348,0
11,1960-03-01,108.4958034438173,0
11,1960-04-01,37.4155767493786,0
11,1960-05-01,60.4820496867171,0
11,1960-06-01,47.63252627582794,0
11,1960-07-01,35.74677888595479,0
11,1960-08-01,47.28100972551182,0
11,1960-09-01,64.36895658527384,0
11,1960-10-01,183.79086813274205,0
11,1960-11-01,93.84231040784317,0
11,1960-12-01,118.2841296648903,0
11,1961-01-01,76.99376390339074,0
11,1961-02-01,28.32613304121523,0
11,1961-03-01,16.75322195574396,0
11,1961-04-01,77.13098259694434,0
11,1961-05-01,74.4670277858518,0
11,1961-06-01,39.388900698533895,0
11,1961-07-01,29.869788568370616,0
11,1961-08-01,22.768491237879694,0
11,1961-09-01,63.641378066579804,0
11,1961-10-01,85.11378081066769,0
11,1961-11-01,130.27972406122018,0
11,1961-12-01,95.2423040308131,0
11,1962-01-01,82.15658275507352,0
11,1962-02-01,49.414570032937306,0
11,1962-03-01,128.7745292384539,0
11,1962-04-01,77.25721945122845,0
11,1962-05-01,59.311383070691384,0
11,1962-06-01,33.471735000525285,0
11,1962-07-01,18.165792757695208,0
11,1962-08-01,11.383602199933792,0
11,1962-09-01,50.77581806965712,0
11,1962-10-01,77.17306752505678,0
11,1962-11-01,86.49731780357686,0
11,1962-12-01,80.40887427556399,0
11,1963-01-01,105.6559400804304,0
11,1963-02-01,114.10514998993546,0
11,1963-03-01,81.81342937661776,0
11,1963-04-01,82.30487541172843,0
11,1963-05-01,46.69849101493521,0
11,1963-06-01,70.04830945153854,0
11,1963-07-01,31.62581967886997,0
11,1963-08-01,54.60430727059029,0
11,1963-09-01,79.10157304826376,0
11,1963-10-01,32.70121178464011,0
11,1963-11-01,133.38559718335875,0
11,1963-12-01,108.30397097736716,0
11,1964-01-01,20.10310620202629,0
11,1964-02-01,116.56639890851673,0
11,1964-03-01,93.70532634653115,0
11,1964-04-01,64.45196415347482,0
11,1964-05-01,50.70319365992811,0
11,1964-06-01,50.32579433600714,0
11,1964-07-01,22.82107158727442,0
11,1964-08-01,26.87681998660669,0
11,1964-09-01,50.781785306922664,0
11,1964-10-01,58.7120869841235,0
11,1964-11-01,44.12754724195257,0
11,1964-12-01,70.20872080877623,0
11,1965-01-01,86.15312989794094,0
11,1965-02-01,46.83345339439173,0
11,1965-03-01,89.9141215884538,0
11,1965-04-01,47.004256719461004,0
11,1965-05-01,44.346068638516186,0
11,1965-06-01,38.63456437896532,0
11,1965-07-01,32.805343295610626,0
11,1965-08-01,31.65779224267164,0
11,1965-09-01,105.11465254426014,0
11,1965-10-01,120.72721183802918,0
11,1965-11-01,120.76363512096427,0
11,1965-12-01,109.25722278244201,0
11,1966-01-01,125.32278425437994,0
11,1966-02-01,146.74034651865924,0
11,1966-03-01,22.54592114674248,0
11,1966-04-01,105.31454971256713,0
11,1966-05-01,57.17374422943593,0
11,1966-06-01,61.187889639191724,0
11,1966-07-01,31.909705145661352,0
11,1966-08-01,27.757469248603545,0
11,1966-09-01,34.119559159324375,0
11,1966-10-01,135.51839890963026,0
11,1966-11-01,93.7074797321121,0
11,1966-12-01,51.34103177828507,0
11,1967-01-01,58.28542126750472,0
11,1967-02-01,73.57157022358453,0
11,1967-03-01,58.233254701835904,0
11,1967-04-01,56.71947673377497,0
11,1967-05-01,76.43823627803468,0
11,1967-06-01,43.665544301218816,0
11,1967-07-01,23.555071388022778,0
11,1967-08-01,42.191531144139674,0
11,1967-09-01,47.42320134540544,0
11,1967-10-01,64.33138942963025,0
11,1967-11-01,129.86452508967417,0
11,1967-12-01,43.450845503954525,0
11,1968-01-01,36.24089691310689,0
11,1968-02-01,110.03820613308761,0
11,1968-03-01,71.49975550240691,0
11,1968-04-01,82.08053420946524,0
11,1968-05-01,77.03041054683972,0
11,1968-06-01,43.507961194094925,0
11,1968-07-01,34.28013393371494,0
11,1968-08-01,64.92962673930744,0
11,1968-09-01,54.18235734525352,0
11,1968-10-01,41.06654643105666,0
11,1968-11-01,107.0021901653169,0
11,1968-12-01,90.82014412089457,0
11,1969-01-01,85.27046096551561,0
11,1969-02-01,93.7398401860734,0
11,1969-03-01,129.06686942071428,0
11,1969-04-01,100.8629484174131,0
11,1969-05-01,92.98022655361899,0
11,1969-06-01,62.96827204322376,0
11,1969-07-01,30.50570932012662,0
11,1969-08-01,40.00785050200935,0
11,1969-09-01,104.04524071459991,0
11,1969-10-01,72.54200526792836,0
11,1969-11-01,94.19679878950333,0
11,1969-12-01,77.0195553656134,0
11,1970-01-01,175.10001323235534,0
11,1970-02-01,52.66834398720775,0
11,1970-03-01,58.23883157288611,0
11,1970-04-01,48.724167525778924,0
11,1970-05-01,73.3465958690494,0
11,1970-06-01,78.16951496174345,0
11,1970-07-01,25.52263604452257,0
11,1970-08-01,48.77160000426487,0
11,1970-09-01,26.152831143651582,0
11,1970-10-01,49.459057018116056,0
11,1970-11-01,74.06864640232821,0
11,1970-12-01,49.58810415056635,0
11,1971-01-01,107.48354277421836,0
11,1971-02-01,36.28905316370857,0
11,1971-03-01,82.46265262541783,0
11,1971-04-01,126.39308012876168,0
11,1971-05-01,149.51608509966314,0
11,1971-06-01,81.64279614321897,0
11,1971-07-01,74.60909306253261,0
11,1971-08-01,58.00700823735841,0
11,1971-09-01,54.487313036118294,0
11,1971-10-01,40.15823471940657,0
11,1971-11-01,70.19508830472286,0
11,1971-12-01,72.76408458309302,0
11,1972-01-01,111.39165686538163,0
11,1972-02-01,132.4488175925776,0
11,1972-03-01,91.21489547545625,0
11,1972-04-01,62.15097494013196,0
11,1972-05-01,79.81528029627286,0
11,1972-06-01,68.10164417331153,0
11,1972-07-01,49.40859825031997,0
11,1972-08-01,70.34157241475734,0
11,1972-09-01,99.02332499199659,0
11,1972-10-01,120.96760316313458,0
11,1972-11-01,79.62048946939439,0
11,1972-12-01,79.2454896825788,0
11,1973-01-01,72.52507283407427,0
11,1973-02-01,48.58311131519807,0
11,1973-03-01,39.838999977892975,0
11,1973-04-01,44.758807565093704,0
11,1973-05-01,95.22012498207422,0
11,1973-06-01,72.95771642454798,0
11,1973-07-01,50.62111634378657,0
11,1973-08-01,37.86917198435266,0
11,1973-09-01,46.799385463712525,0
11,1973-10-01,68.46752706270313,0
11,1973-11-01,49.212919739321,0
11,1973-12-01,95.54536336582797,0
11,1974-01-01,77.23958672565554,0
11,1974-02-01,87.34121251343495,0
11,1974-03-01,102.59133924221615,0
11,1974-04-01,86.88317006307489,0
11,1974-05-01,60.4888807436008,0
11,1974-06-01,71.97570365403143,0
11,1974-07-01,31.625922056067715,0
11,1974-08-01,47.48198563638577,0
11,1974-09-01,58.19101819774227,0
11,1974-10-01,62.74465262298713,0
11,1974-11-01,77.24139987238523,0
11,1974-12-01,22.005301918721326,0
11,1975-01-01,62.522186272591654,0
11,1975-02-01,58.42305723332073,0
11,1975-03-01,110.8975674471405,0
11,1975-04-01,63.6717294262167,0
11,1975-05-01,91.70775998789216,0
11,1975-06-01,56.26762669443253,0
11,1975-07-01,16.760866081458197,0
11,1975-08-01,47.017752228164966,0
11,1975-09-01,77.61571046335892,0
11,1975-10-01,32.55791522481593,0
11,1975-11-01,66.17458415947848,0
11,1975-12-01,64.31104302754562,0
11,1976-01-01,33.86664165003977,0
11,1976-02-01,60.25253231803651,0
11,1976-03-01,44.61677342948605,0
11,1976-04-01,94.04231943266973,0
11,1976-05-01,52.177513495104066,0
11,1976-06-01,30.722852426985085,0
11,1976-07-01,51.57501280665108,0
11,1976-08-01,67.49695008215375,0
11,1976-09-01,76.00807754328918,0
11,1976-10-01,109.26693464099526,0
11,1976-11-01,63.90594437850113,0
11,1976-12-01,123.92249867788692,0
11,1977-01-01,119.3052604945362,0
11,1977-02-01,101.43472561874066,0
11,1977-03-01,52.15542255845796,0
11,1977-04-01,48.38066003098206,0
11,1977-05-01,107.68419323375468,0
11,1977-06-01,80.01305426340896,0
11,1977-07-01,66.93438294204309,0
11,1977-08-01,53.76737862809439,0
11,1977-09-01,19.25166265321684,0
11,1977-10-01,95.91478193974038,0
11,1977-11-01,58.4916415059577,0
11,1977-12-01,103.31153428231013,0
11,1978-01-01,81.96412319647717,0
11,1978-02-01,119.18638143741526,0
11,1978-03-01,73.14853195848555,0
11,1978-04-01,88.18390808827948,0
11,1978-05-01,76.95601306080486,0
11,1978-06-01,59.0404505213202,0
11,1978-07-01,21.85925176568462,0
11,1978-08-01,18.15992265552415,0
11,1978-09-01,23.40732927300195,0
11,1978-10-01,28.753454238917072,0
11,1978-11-01,32.81776478129215,0
11,1978-12-01,154.1181954038314,0
11,1979-01-01,130.71979586011264,0
11,1979-02-01,124.34193556833189,0
11,1979-03-01,96.73997823533614,0
11,1979-04-01,81.82575442834607,0
11,1979-05-01,62.66627924415333,0
11,1979-06-01,47.20325763996176,0
11,1979-07-01,38.39535177090286,0
11,1979-08-01,34.2935230550417,0
11,1979-09-01,48.30043922432324,0
11,1979-10-01,152.2659675676869,0
11,1979-11-01,45.839159412895796,0
11,1979-12-01,67.57572488531534,0
11,1980-01-01,66.66614073640051,0
11,1980-02-01,59.05156083741609,0
11,1980-03-01,79.22613050581317,0
11,1980-04-01,59.25904868005972,0
11,1980-05-01,99.36612090710442,0
11,1980-06-01,51.78681487443225,0
11,1980-07-01,35.154604838789986,0
11,1980-08-01,39.436434314524156,0
11,1980-09-01,40.26782978977302,0
11,1980-10-01,66.05233933756023,0
11,1980-11-01,75.20650418751397,0
11,1980-12-01,48.121091483129675,0
11,1981-01-01,41.77427493305174,0
11,1981-02-01,48.53854205832175,0
11,1981-03-01,66.37294352435151,0
11,1981-04-01,94.93148781126703,0
11,1981-05-01,83.941189983078,0
11,1981-06-01,49.1632642675564,0
11,1981-07-01,38.7003821548038,0
11,1981-08-01,37.07131399394983,0
11,1981-09-01,63.318328249728054,0
11,1981-10-01,64.83567559905715,0
11,1981-11-01,8.29299401911176,0
11,1981-12-01,169.95139959693682,0
11,1982-01-01,68.6117864160814,0
11,1982-02-01,62.71458587995147,0
11,1982-03-01,52.17404768548096,0
11,1982-04-01,42.671313863898646,0
11,1982-05-01,62.20193310308939,0
11,1982-06-01,44.71582942654446,0
11,1982-07-01,51.791400051758615,0
11,1982-08-01,47.620501189008365,0
11,1982-09-01,60.0583106448585,0
11,1982-10-01,87.53071347211929,0
11,1982-11-01,103.1556535517428,0
11,1982-12-01,77.50943332151863,0
11,1983-01-01,11.579569858694109,0
11,1983-02-01,62.050395262121185,0
11,1983-03-01,38.37866714711059,0
11,1983-04-01,111.21500689305942,0
11,1983-05-01,74.14946360458657,0
11,1983-06-01,42.176712986060146,0
11,1983-07-01,49.40640555931436,0
11,1983-08-01,83.677698965941,0
11,1983-09-01,25.444912432285673,0
11,1983-10-01,40.03517880413834,0
11,1983-11-01,116.06748889758252,0
11,1983-12-01,79.07003437698009,0
11,1984-01-01,78.08899397819826,0
11,1984-02-01,53.085380172849455,0
11,1984-03-01,86.0856126792971,0
11,1984-04-01,55.0126148990217,0
11,1984-05-01,122.3969837435958,0
11,1984-06-01,58.28098815083118,0
11,1984-07-01,18.531801199249685,0
11,1984-08-01,43.59330406186608,0
11,1984-09-01,47.46178342392572,0
11,1984-10-01,65.2689300088819,0
11,1984-11-01,159.40370432595387,0
11,1984-12-01,46.83353003051824,0
11,1985-01-01,90.29423531868284,0
11,1985-02-01,93.47536865220735,0
11,1985-03-01,59.625196714682836,0
11,1985-04-01,80.74120426974022,0
11,1985-05-01,93.79838381361942,0
11,1985-06-01,47.11507551035156,0
11,1985-07-01,34.73771063314668,0
11,1985-08-01,20.347308709304226,0
11,1985-09-01,12.976753416873677,0
11,1985-10-01,25.737594354335062,0
11,1985-11-01,88.81731881062677,0
11,1985-12-01,83.47623332817906,0
11,1986-01-01,86.61898743266745,0
11,1986-02-01,106.29863843622095,0
11,1986-03-01,56.922966638744626,0
11,1986-04-01,99.47481914578165,0
11,1986-05-01,47.66188898629295,0
11,1986-06-01,26.904758131073386,0
11,1986-07-01,22.138266172625904,0
11,1986-08-01,33.567398249805095,0
11,1986-09-01,84.30392240962283,0
11,1986-10-01,76.55173830509477,0
11,1986-11-01,57.70126015064162,0
11,1986-12-01,52.25006875436606,0
11,1987-01-01,89.97734686369657,0
11,1987-02-01,76.38301801032335,0
11,1987-03-01,44.24966275590193,0
11,1987-04-01,76.2168230151144,0
11,1987-05-01,36.47438235566054,0
11,1987-06-01,45.953878511445886,0
11,1987-07-01,63.6872541202314,0
11,1987-08-01,41.91066924592605,0
11,1987-09-01,48.24749852703995,0
11,1987-10-01,151.89331601747477,0
11,1987-11-01,72.71690985661664,0
11,1987-12-01,97.70264502065058,0
11,1988-01-01,116.03570198427617,0
11,1988-02-01,53.63052397041753,0
11,1988-03-01,42.24524267146188,0
11,1988-04-01,103.83605141984116,0
11,1988-05-01,99.27030429240892,0
11,1988-06-01,103.59106422418803,0
11,1988-07-01,39.9680016312467,0
11,1988-08-01,20.417472386574573,0
11,1988-09-01,26.7979787604177,0
11,1988-10-01,73.29662678148041,0
11,1988-11-01,62.4306182348369,0
11,1988-12-01,20.768529567513394,0
11,1989-01-01,28.444765649079564,0
11,1989-02-01,66.85314736815056,0
11,1989-03-01,50.184985451884764,0
11,1989-04-01,111.252319589822,0
11,1989-05-01,65.30203515590766,0
11,1989-06-01,29.65048189950165,0
11,1989-07-01,26.74185569851044,0
11,1989-08-01,34.628913806974104,0
11,1989-09-01,55.52964249153137,0
11,1989-10-01,40.84579109434857,0
11,1989-11-01,133.25016503676648,0
11,1989-12-01,144.94416307324178,0
11,1990-01-01,61.02669265243351,0
11,1990-02-01,36.21888988725809,0
11,1990-03-01,31.15002768745542,0
11,1990-04-01,90.26666196036231,0
11,1990-05-01,55.23060829316395,0
11,1990-06-01,47.33610688644612,0
11,1990-07-01,22.49586583526149,0
11,1990-08-01,31.905711559000935,0
11,1990-09-01,41.3519849624662,0
11,1990-10-01,127.62667812572604,0
11,1990-11-01,66.28235960772446,0
11,1990-12-01,53.53620967482131,0
11,1991-01-01,56.38880335259946,0
11,1991-02-01,74.49074004166224,0
11,1991-03-01,101.02721890986841,0
11,1991-04-01,57.29748965372982,0
11,1991-05-01,43.73709863004186,0
11,1991-06-01,32.33401207445089,0
11,1991-07-01,26.512630929435492,0
11,1991-08-01,24.431732418465728,0
11,1991-09-01,63.57061524852037,0
11,1991-10-01,73.46905430395537,0
11,1991-11-01,72.8339986520155,0
11,1991-12-01,34.03535583915849,0
11,1992-01-01,32.45719064538969,0
11,1992-02-01,33.47551730956357,0
11,1992-03-01,49.26613214578862,0
11,1992-04-01,56.323347956635466,0
11,1992-05-01,64.3508497769126,0
11,1992-06-01,108.1913956971048,0
11,1992-07-01,28.153893204168277,0
11,1992-08-01,54.82342059303631,0
11,1992-09-01,56.48621375606733,0
11,1992-10-01,117.76788412394008,0
11,1992-11-01,40.56739682704497,0
11,1992-12-01,73.39171547217377,0
11,1993-01-01,14.697354706286015,0
11,1993-02-01,33.980830941890495,0
11,1993-03-01,38.8406985136291,0
11,1993-04-01,93.12642143782426,0
11,1993-05-01,98.81377838887641,0
11,1993-06-01,56.46888591180358,0
11,1993-07-01,26.960122006689943,0
11,1993-08-01,36.359235176674744,0
11,1993-09-01,81.28423485626283,0
11,1993-10-01,132.71141411460292,0
11,1993-11-01,63.400917032661866,0
11,1993-12-01,57.485741452958955,0
11,1994-01-01,80.00071918080323,0
11,1994-02-01,81.87418208228357,0
11,1994-03-01,16.010065928861913,0
11,1994-04-01,71.71949810045595,0
11,1994-05-01,84.65941155541013,0
11,1994-06-01,30.792132484705398,0
11,1994-07-01,18.91899574207765,0
11,1994-08-01,24.44626659549316,0
11,1994-09-01,81.59130114576357,0
11,1994-10-01,89.14907214294469,0
11,1994-11-01,68.64307029993385,0
11,1994-12-01,51.77816129341623,0
11,1995-01-01,69.83307238466679,0
11,1995-02-01,67.39126346554622,0
11,1995-03-01,42.0991174763854,0
11,1995-04-01,37.728383384028426,0
11,1995-05-01,49.82238050372359,0
11,1995-06-01,37.88614574433249,0
11,1995-07-01,32.280420522332946,0
11,1995-08-01,32.76105268004263,0
11,1995-09-01,63.72993511525633,0
11,1995-10-01,35.976860556839185,0
11,1995-11-01,92.01960129198963,0
11,1995-12-01,147.87013556214174,0
11,1996-01-01,169.3475698219428,0
11,1996-02-01,79.96441541213238,0
11,1996-03-01,57.10570944444683,0
11,1996-04-01,55.3963200564295,0
11,1996-05-01,87.15826156259348,0
11,1996-06-01,28.784789685291948,0
11,1996-07-01,33.5094364873785,0
11,1996-08-01,49.997884577816855,0
11,1996-09-01,61.70115942957976,0
11,1996-10-01,48.12539386712201,0
11,1996-11-01,117.02866388159136,0
11,1996-12-01,157.785618775216,0
11,1997-01-01,110.14597639226113,0
11,1997-02-01,22.07411464890337,0
11,1997-03-01,5.367115497025363,0
11,1997-04-01,45.916703392675274,0
11,1997-05-01,95.34111076511093,0
11,1997-06-01,79.56589162659805,0
11,1997-07-01,49.425321482001074,0
11,1997-08-01,62.67186147357442,0
11,1997-09-01,44.80913199419976,0
11,1997-10-01,62.442962681054055,0
11,1997-11-01,160.57511376278848,0
11,1997-12-01,126.07911021926111,0
11,1998-01-01,67.13785312176248,0
11,1998-02-01,36.03364197218515,0
11,1998-03-01,34.09834332701981,0
11,1998-04-01,110.65445838200048,0
11,1998-05-01,84.73590075063869,0
11,1998-06-01,36.342925868966404,0
11,1998-07-01,23.670933985033702,0
11,1998-08-01,25.12558351955206,0
11,1998-09-01,81.35388941301272,0
11,1998-10-01,48.348838435226426,0
11,1998-11-01,46.276355842016656,0
11,1998-12-01,54.74039857995702,0
11,1999-01-01,59.63243759510958,0
11,1999-02-01,41.68840279188346,0
11,1999-03-01,63.041188894552015,0
11,1999-04-01,67.05432465133623,0
11,1999-05-01,76.13132789815522,0
11,1999-06-01,32.293484420995846,0
11,1999-07-01,35.101530061783656,0
11,1999-08-01,38.867946098787876,0
11,1999-09-01,97.26622961505299,0
11,1999-10-01,113.74200551060314,0
11,1999-11-01,58.210550552264955,0
11,1999-12-01,75.0942540623459,0
11,2000-01-01,23.44923303815454,0
11,2000-02-01,27.67544172399709,0
11,2000-03-01,40.599474704223574,0
11,2000-04-01,132.00919244886023,0
11,2000-05-01,74.81524717651854,0
11,2000-06-01,38.90875172403443,0
11,2000-07-01,34.842589079659895,0
11,2000-08-01,31.590571485040705,0
11,2000-09-01,39.437175478618244,0
11,2000-10-01,86.96769939340265,0
11,2000-11-01,125.41352095046426,0
11,2000-12-01,140.56278481281834,0
11,2001-01-01,135.0558523423407,0
11,2001-02-01,52.94240667149961,0
11,2001-03-01,135.02364593386676,0
11,2001-04-01,52.32405558603908,0
11,2001-05-01,64.91739867653993,0
11,2001-06-01,23.22293136210556,0
11,2001-07-01,53.49731374946607,0
11,2001-08-01,29.74262061261952,0
11,2001-09-01,53.83049977556301,0
11,2001-10-01,83.13963533389816,0
11,2001-11-01,50.76343828790537,0
11,2001-12-01,35.90989358795475,0
11,2002-01-01,46.22126125516278,0
11,2002-02-01,40.495314648925486,0
11,2002-03-01,66.24016448553373,0
11,2002-04-01,68.19301743856484,0
11,2002-05-01,79.40854701453455,0
11,2002-06-01,48.55386351978377,0
11,2002-07-01,32.58775244525087,0
11,2002-08-01,54.7949809018507,0
11,2002-09-01,68.51226722992908,0
11,2002-10-01,85.84277472411975,0
11,2002-11-01,109.03366426713228,0
11,2002-12-01,104.95603303300962,0
11,2003-01-01,89.10647082854555,0
11,2003-02-01,81.04212520865951,0
11,2003-03-01,56.163379355107665,0
11,2003-04-01,71.08646769371055,0
11,2003-05-01,52.29207510134704,0
11,2003-06-01,36.42342463939216,0
11,2003-07-01,26.41854704198278,0
11,2003-08-01,33.162456822696,0
11,2003-09-01,56.16391778164678,0
11,2003-10-01,141.43951150042957,0
11,2003-11-01,94.43839437498278,0
11,2003-12-01,81.11098130074089,0
11,2004-01-01,70.78996290980432,0
11,2004-02-01,54.64981905694607,0
11,2004-03-01,75.93838439489735,0
11,2004-04-01,79.09315793036926,0
11,2004-05-01,77.09984278276585,0
11,2004-06-01,18.924093700821846,0
11,2004-07-01,24.94598903844781,0
11,2004-08-01,59.283252379849344,0
11,2004-09-01,30.24566443619777,0
11,2004-10-01,100.33011798693875,0
11,2004-11-01,28.768676314843958,0
11,2004-12-01,57.11476833174618,0
11,2005-01-01,23.761169474251687,0
11,2005-02-01,41.20871572410589,0
11,2005-03-01,42.89128386340147,0
11,2005-04-01,57.370680137333245,0
11,2005-05-01,51.530854547743125,0
11,2005-06-01,25.237459266960833,0
11,2005-07-01,21.741813605017583,0
11,2005-08-01,25.50487142205668,0
11,2005-09-01,50.349301232950374,0
11,2005-10-01,103.8600721344587,0
11,2005-11-01,74.89000880105957,0
11,2005-12-01,57.76869148969885,0
11,2006-01-01,63.6689203009836,0
11,2006-02-01,59.21380764551101,0
11,2006-03-01,91.349766760326,0
11,2006-04-01,51.4075136237621,0
11,2006-05-01,41.268023625225354,0
11,2006-06-01,39.14047997553476,0
11,2006-07-01,32.06386084407954,0
11,2006-08-01,36.39903736169492,0
11,2006-09-01,77.24718562970497,0
11,2006-10-01,118.62116657502452,0
11,2006-11-01,107.98999016147026,0
11,2006-12-01,49.845597442716695,0
11,2007-01-01,42.186446795420004,0
11,2007-02-01,85.15178096886234,0
11,2007-03-01,61.75484284535751,0
11,2007-04-01,84.128545601199,0
11,2007-05-01,89.53553722599392,0
11,2007-06-01,53.9762376568857,0
11,2007-07-01,29.196811759719093,0
11,2007-08-01,49.1957999503952,0
11,2007-09-01,42.60200758115903,0
11,2007-10-01,51.362870532414775,0
11,2007-11-01,41.346497747725515,0
11,2007-12-01,37.328054174878446,0
11,2008-01-01,64.90072897788443,0
11,2008-02-01,42.88196168067421,0
11,2008-03-01,60.85892110278391,0
11,2008-04-01,113.24575490172475,0
11,2008-05-01,126.38124599025102,0
11,2008-06-01,47.65943786351568,0
11,2008-07-01,29.588850336302905,0
11,2008-08-01,29.97291897719046,0
11,2008-09-01,52.87041331611525,0
11,2008-10-01,92.03628076752611,0
11,2008-11-01,74.43233677280882,0
11,2008-12-01,79.67526928739926,0
11,2009-01-01,90.47785275537058,0
11,2009-02-01,53.2956304711378,0
11,2009-03-01,43.212114013674935,0
11,2009-04-01,80.82651981829173,0
11,2009-05-01,43.54901327388987,0
11,2009-06-01,40.47615881785812,0
11,2009-07-01,26.0067331246317,0
11,2009-08-01,26.06270631542334,0
11,2009-09-01,42.406901017769115,0
11,2009-10-01,58.38276129436113,0
11,2009-11-01,80.97409934025882,0
11,2009-12-01,156.24747455853534,0
11,2010-01-01,106.14507908125312,0
11,2010-02-01,116.05946697386088,0
11,2010-03-01,82.72074283149716,0
11,2010-04-01,56.15788897878859,0
11,2010-05-01,69.1772691024293,0
11,2010-06-01,73.37997408193542,0
11,2010-07-01,23.17061397958527,0
11,2010-08-01,24.297352082827754,0
11,2010-09-01,44.24239487520909,0
11,2010-10-01,99.01725398946803,0
11,2010-11-01,87.82938028467682,0
11,2010-12-01,108.74526491388,0
11,2011-01-01,59.44181563527244,0
11,2011-02-01,55.26576314586322,0
11,2011-03-01,77.90864032294272,0
11,2011-04-01,58.38000150854243,0
11,2011-05-01,57.5887757481786,0
11,2011-06-01,36.38951950873411,0
11,2011-07-01,39.19010788867153,0
11,2011-08-01,32.734120847254836,0
11,2011-09-01,24.509664100968212,0
11,2011-10-01,55.95936437527991,0
11,2011-11-01,105.6859747697854,0
11,2011-12-01,51.4216958258784,0
11,2012-01-01,30.082371274997364,0
11,2012-02-01,17.88958785864176,0
11,2012-03-01,25.616529198197256,0
11,2012-04-01,113.18249920959043,0
11,2012-05-01,61.78481355131771,0
11,2012-06-01,38.79993820830903,0
11,2012-07-01,24.01706991312522,0
11,2012-08-01,23.201895731647006,0
11,2012-09-01,59.15612333437475,0
11,2012-10-01,102.4692343600182,0
11,2012-11-01,105.15939642995257,0
11,2012-12-01,68.72061001892237,0
11,2013-01-01,97.31939001874449,0
11,2013-02-01,73.35507635049375,0
11,2013-03-01,148.527394318786,0
11,2013-04-01,78.65829944369914,0
11,2013-05-01,73.64515040568617,0
11,2013-06-01,45.154315738872505,0
11,2013-07-01,26.06708551316059,0
11,2013-08-01,29.81276550398598,0
11,2013-09-01,47.50058964278392,0
11,2013-10-01,86.04323335422033,0
11,2013-11-01,75.94107680086034,0
11,2013-12-01,68.31822150223435,0
11,2014-01-01,111.26558580258899,0
11,2014-02-01,107.00490998862264,0
11,2014-03-01,57.213113270456944,0
11,2014-04-01,64.18891625750064,0
11,2014-05-01,50.32503694299051,0
11,2014-06-01,38.73393323442935,0
11,2014-07-01,48.50939851207192,0
11,2014-08-01,39.00693842586208,0
11,2014-09-01,64.65806481392137,0
11,2014-10-01,66.6635668692016,0
11,2014-11-01,139.2737421996938,0
11,2014-12-01,47.79080658782842,0
11,2015-01-01,65.33220414098992,0
11,2015-02-01,66.26708682773747,0
11,2015-03-01,61.22182077433197,0
11,2015-04-01,56.979366557892746,0
11,2015-05-01,29.15880105092583,0
11,2015-06-01,44.558782351478364,0
11,2015-07-01,22.80155923067359,0
11,2015-08-01,49.140903497833605,0
11,2015-09-01,61.5946049534162,0
11,2015-10-01,85.08342034208258,0
11,2015-11-01,52.774022507575594,0
11,2015-12-01,23.69100707314614,0
11,2016-01-01,109.53366910348745,0
11,2016-02-01,99.573184937712,0
11,2016-03-01,70.6590493424438,0
11,2016-04-01,99.17443213692984,0
11,2016-05-01,99.03375563049484,0
11,2016-06-01,33.00260686325488,0
11,2016-07-01,18.544860052320317,0
11,2016-08-01,14.694227019060964,0
11,2016-09-01,33.25716159825106,0
11,2016-10-01,69.20175083575069,0
11,2016-11-01,105.84958952825855,0
11,2016-12-01,44.11167776892158,0
11,2017-01-01,52.97910852154527,0
11,2017-02-01,76.73566525358744,0
11,2017-03-01,74.45808395061947,0
11,2017-04-01,33.11809467179413,0
11,2017-05-01,64.87777654003958,0
11,2017-06-01,44.11332077204181,0
11,2017-07-01,30.5726124284187,0
11,2017-08-01,40.24601902529424,0
11,2017-09-01,30.282968569518957,0
11,2017-10-01,28.547829518261786,0
11,2017-11-01,46.52873115324614,0
11,2017-12-01,78.63630338360198,0
11,2018-01-01,89.12601112070513,0
11,2018-02-01,77.0108566955318,0
11,2018-03-01,161.2990976175467,0
11,2018-04-01,99.58280157900668,0
11,2018-05-01,80.55538516526909,0
11,2018-06-01,65.49414297805843,0
11,2018-07-01,36.876571396129364,0
11,2018-08-01,28.26283969925192,0
11,2018-09-01,31.08838701441641,0
11,2018-10-01,99.18787208338941,0
11,2018-11-01,108.04891584990003,0
11,2018-12-01,40.99829836429764,0
11,2019-01-01,55.53700819673451,0
11,2019-02-01,25.435524240148563,0
11,2019-03-01,31.910607555985827,0
11,2019-04-01,97.900174238348,0
11,2019-05-01,39.96969286077746,0
11,2019-06-01,36.35171088760139,0
11,2019-07-01,31.23847295567566,0
11,2019-08-01,33.823991208399804,0
11,2019-09-01,49.083812016557445,0
11,2019-10-01,87.49129440026019,0
11,2019-11-01,127.39175275491519,0
11,2019-12-01,121.9246278794733,0
11,2020-01-01,66.9696622268064,0
11,2020-02-01,22.109440988152507,0
11,2020-03-01,90.9099681070193,0
11,2020-04-01,102.35171239550698,0
11,2020-05-01,67.82206931211454,0
11,2020-06-01,55.499223873501684,0
11,2020-07-01,14.893524587945645,0
11,2020-08-01,34.44293066543864,0
11,2020-09-01,48.63756310353296,0
11,2020-10-01,91.54471929043115,0
11,2020-11-01,66.74418450301494,0
11,2020-12-01,99.25622538485553,0
11,2021-01-01,90.99792424951536,0
11,2021-02-01,88.88393515182398,0
11,2021-03-01,29.851014100359528,0
11,2021-04-01,68.02286918417174,0
11,2021-05-01,57.56002074155562,0
11,2021-06-01,70.41008571042097,0
11,2021-07-01,31.041050991244465,0
11,2021-08-01,20.450372011129666,0
11,2021-09-01,84.12071362480376,0
11,2021-10-01,67.58138196831285,0
11,2021-11-01,66.8659904730716,0
11,2021-12-01,81.90784390719729,0
11,2022-01-01,26.98147684980917,0
11,2022-02-01,22.484515206805728,0
11,2022-03-01,118.80603546370199,0
11,2022-04-01,82.07889107293502,0
11,2022-05-01,29.9870185978933,0
11,2022-06-01,52.39818606826823,0
11,2022-07-01,15.110299073160663,0
11,2022-08-01,31.273173000024666,0
11,2022-09-01,60.496065862370756,0
11,2022-10-01,69.86112400062342,0
11,2022-11-01,84.65354798008175,0
11,2022-12-01,118.64130287979262,0
11,2023-01-01,72.53909629273025,0
11,2023-02-01,25.580007768422842,0
11,2023-03-01,42.72350547323412,0
11,2023-04-01,31.446325138007825,0
11,2023-05-01,71.32291592476847,0
11,2023-06-01,79.88188450368708,0
11,2023-07-01,22.26789357565635,0
11,2023-08-01,24.031641204073374,0
11,2023-09-01,70.38827651516965,0
11,2023-10-01,120.76560865495351,0
11,2023-11-01,89.91334950892066,0
11,2023-12-01,57.01856700268782,0
