time,lat,lon,SPEI3
1980-05-01 06:00:00,40.5,-3.75,0.7351859592045967
1980-06-01 06:00:00,40.5,-3.75,0.9852008319734133
1980-07-01 06:00:00,40.5,-3.75,1.1748051101124926
1981-05-01 06:00:00,40.5,-3.75,0.8869320613481594
1981-06-01 06:00:00,40.5,-3.75,1.0395369305318933
1981-07-01 06:00:00,40.5,-3.75,0.41421657982564186
1982-05-01 06:00:00,40.5,-3.75,0.0013710647794380193
1982-06-01 06:00:00,40.5,-3.75,0.3357613143651686
1982-07-01 06:00:00,40.5,-3.75,0.7480947077634427
1983-05-01 06:00:00,40.5,-3.75,-0.07793756093880214
1983-06-01 06:00:00,40.5,-3.75,0.4005558055242647
1983-07-01 06:00:00,40.5,-3.75,0.25473510827374163
1984-05-01 06:00:00,40.5,-3.75,1.3141070304990532
1984-06-01 06:00:00,40.5,-3.75,1.4951785554321093
1984-07-01 06:00:00,40.5,-3.75,1.5017310937277948
1985-05-01 06:00:00,40.5,-3.75,0.08833133319147894
1985-06-01 06:00:00,40.5,-3.75,0.7926195633720555
1985-07-01 06:00:00,40.5,-3.75,0.6777549986416266
1986-05-01 06:00:00,40.5,-3.75,0.09212271564841
1986-06-01 06:00:00,40.5,-3.75,-0.25006584361383505
1986-07-01 06:00:00,40.5,-3.75,-0.6318253403169234
1987-05-01 06:00:00,40.5,-3.75,-0.058561529114852906
1987-06-01 06:00:00,40.5,-3.75,0.1605509337510038
1987-07-01 06:00:00,40.5,-3.75,0.5453488846264459
1988-05-01 06:00:00,40.5,-3.75,0.658277891904363
1988-06-01 06:00:00,40.5,-3.75,2.0681123066815137
1988-07-01 06:00:00,40.5,-3.75,2.21211016420135
1989-05-01 06:00:00,40.5,-3.75,1.1656978624040946
1989-06-01 06:00:00,40.5,-3.75,1.5010187169786153
1989-07-01 06:00:00,40.5,-3.75,1.370432265835114
1990-05-01 06:00:00,40.5,-3.75,0.06665366612101702
1990-06-01 06:00:00,40.5,-3.75,0.1407467956994109
1990-07-01 06:00:00,40.5,-3.75,-0.4137346567815823
1991-05-01 06:00:00,40.5,-3.75,0.7028244973998858
1991-06-01 06:00:00,40.5,-3.75,-0.2820696903210272
1991-07-01 06:00:00,40.5,-3.75,-0.389129818958381
1992-05-01 06:00:00,40.5,-3.75,-0.8725858270213696
1992-06-01 06:00:00,40.5,-3.75,0.8417228013580247
1992-07-01 06:00:00,40.5,-3.75,1.3738370949496284
1993-05-01 06:00:00,40.5,-3.75,1.0952520349779
1993-06-01 06:00:00,40.5,-3.75,1.46193563729731
1993-07-01 06:00:00,40.5,-3.75,1.5241444565815432
1994-05-01 06:00:00,40.5,-3.75,-0.7332190121901593
1994-06-01 06:00:00,40.5,-3.75,-0.5720310492767673
1994-07-01 06:00:00,40.5,-3.75,-0.5173987771194642
1995-05-01 06:00:00,40.5,-3.75,-2.0489011059118623
1995-06-01 06:00:00,40.5,-3.75,-1.037531562673803
1995-07-01 06:00:00,40.5,-3.75,-0.17199664642249002
1996-05-01 06:00:00,40.5,-3.75,0.155426618583741
1996-06-01 06:00:00,40.5,-3.75,0.016435072662448008
1996-07-01 06:00:00,40.5,-3.75,0.47778511771224563
1997-05-01 06:00:00,40.5,-3.75,-0.6289683052943328
1997-06-01 06:00:00,40.5,-3.75,1.0032268488372864
1997-07-01 06:00:00,40.5,-3.75,1.8770099638000515
1998-05-01 06:00:00,40.5,-3.75,0.5705489434045458
1998-06-01 06:00:00,40.5,-3.75,0.9575390529155765
1998-07-01 06:00:00,40.5,-3.75,0.7443818562763809
1999-05-01 06:00:00,40.5,-3.75,-0.5019330872684219
1999-06-01 06:00:00,40.5,-3.75,-0.29377697855726514
1999-07-01 06:00:00,40.5,-3.75,-0.06712672912001946
2000-05-01 06:00:00,40.5,-3.75,0.8275793614875107
2000-06-01 06:00:00,40.5,-3.75,0.863896871370466
2000-07-01 06:00:00,40.5,-3.75,0.1466920745337429
2001-05-01 06:00:00,40.5,-3.75,0.05310537441283933
2001-06-01 06:00:00,40.5,-3.75,-1.1250866401645119
2001-07-01 06:00:00,40.5,-3.75,-0.164713404416195
2002-05-01 06:00:00,40.5,-3.75,0.9084218438158013
2002-06-01 06:00:00,40.5,-3.75,0.514892765526641
2002-07-01 06:00:00,40.5,-3.75,0.5380505405372533
2003-05-01 06:00:00,40.5,-3.75,0.6684604325845929
2003-06-01 06:00:00,40.5,-3.75,-0.029805312115339412
2003-07-01 06:00:00,40.5,-3.75,-0.6459755766906112
2004-05-01 06:00:00,40.5,-3.75,1.2132719742656306
2004-06-01 06:00:00,40.5,-3.75,0.609925383651338
2004-07-01 06:00:00,40.5,-3.75,0.559813482001562
2005-05-01 06:00:00,40.5,-3.75,-1.1310373914746714
2005-06-01 06:00:00,40.5,-3.75,-1.629100702600129
2005-07-01 06:00:00,40.5,-3.75,-1.6633965891122673
2006-05-01 06:00:00,40.5,-3.75,-0.46272194191181604
2006-06-01 06:00:00,40.5,-3.75,-0.8589462031124546
2006-07-01 06:00:00,40.5,-3.75,-0.8371420198275707
2007-05-01 06:00:00,40.5,-3.75,1.0798058077047883
2007-06-01 06:00:00,40.5,-3.75,1.6332380340720816
2007-07-01 06:00:00,40.5,-3.75,1.2888589645199167
2008-05-01 06:00:00,40.5,-3.75,0.5275988128378913
2008-06-01 06:00:00,40.5,-3.75,1.2379986909214125
2008-07-01 06:00:00,40.5,-3.75,1.022892153893545
2009-05-01 06:00:00,40.5,-3.75,-1.6666359948478313
2009-06-01 06:00:00,40.5,-3.75,-1.3918723499368328
2009-07-01 06:00:00,40.5,-3.75,-1.45074569351944
2010-05-01 06:00:00,40.5,-3.75,0.6458684847537358
2010-06-01 06:00:00,40.5,-3.75,0.9018563617136487
2010-07-01 06:00:00,40.5,-3.75,0.4331307815812531
2011-05-01 06:00:00,40.5,-3.75,0.9876125101184756
2011-06-01 06:00:00,40.5,-3.75,0.489305669281037
2011-07-01 06:00:00,40.5,-3.75,0.3384139095668263
2012-05-01 06:00:00,40.5,-3.75,-0.8013713438062383
2012-06-01 06:00:00,40.5,-3.75,-0.7851236869889092
2012-07-01 06:00:00,40.5,-3.75,-1.622037777625532
2013-05-01 06:00:00,40.5,-3.75,1.257017363262428
2013-06-01 06:00:00,40.5,-3.75,0.44313361341983937
2013-07-01 06:00:00,40.5,-3.75,0.23822952632875777
2014-05-01 06:00:00,40.5,-3.75,-0.8124230553195007
2014-06-01 06:00:00,40.5,-3.75,-0.8555520274649254
2014-07-01 06:00:00,40.5,-3.75,-0.29762182045273317
2015-05-01 06:00:00,40.5,-3.75,-1.2034953358232365
2015-06-01 06:00:00,40.5,-3.75,-1.588325591536253
2015-07-01 06:00:00,40.5,-3.75,-1.638306336284026
2016-05-01 06:00:00,40.5,-3.75,1.0521314517221154
2016-06-01 06:00:00,40.5,-3.75,0.9733353553046329
2016-07-01 06:00:00,40.5,-3.75,0.30539068550492127
2017-05-01 06:00:00,40.5,-3.75,-1.2777740308528225
2017-06-01 06:00:00,40.5,-3.75,-1.6300502202302845
2017-07-01 06:00:00,40.5,-3.75,-0.18237776777711281
2018-05-01 06:00:00,40.5,-3.75,1.175686715262533
2018-06-01 06:00:00,40.5,-3.75,0.8448547602406298
2018-07-01 06:00:00,40.5,-3.75,0.5785307191018974
2019-05-01 06:00:00,40.5,-3.75,-0.6924553408501201
2019-06-01 06:00:00,40.5,-3.75,-0.6264429127877567
2019-07-01 06:00:00,40.5,-3.75,-1.8471160514868825
2020-05-01 06:00:00,40.5,-3.75,0.8868449575749435
2020-06-01 06:00:00,40.5,-3.75,0.49269392655838784
2020-07-01 06:00:00,40.5,-3.75,-0.44331293017437196
2021-05-01 06:00:00,40.5,-3.75,-0.2324869713187321
2021-06-01 06:00:00,40.5,-3.75,0.39228162592335
2021-07-01 06:00:00,40.5,-3.75,-0.14516514700905495
2022-05-01 06:00:00,40.5,-3.75,0.9082673898294072
2022-06-01 06:00:00,40.5,-3.75,-1.102821716948708
2022-07-01 06:00:00,40.5,-3.75,-2.1735927343222112
2023-05-01 06:00:00,40.5,-3.75,-2.0263536101236554
2023-06-01 06:00:00,40.5,-3.75,-0.4304466660727573
2023-07-01 06:00:00,40.5,-3.75,0.31826425492378335
2024-05-01 06:00:00,40.5,-3.75,0.03521161919482751
2024-06-01 06:00:00,40.5,-3.75,-0.3879151342329485
2024-07-01 06:00:00,40.5,-3.75,-0.0020222413639779703
2025-05-01 06:00:00,40.5,-3.75,2.211282193674185
2025-06-01 06:00:00,40.5,-3.75,0.7440073380096321
2025-07-01 06:00:00,40.5,-3.75,0.14021957970377397
